scenario,controller,ablation,metric,environment_units,excluded_environment_units,exclusions,mean_change,paired_ci95_low,paired_ci95_high,status
A_expansion,connectome,output_disconnect,food,30,0,[],0.0,0.0,0.0,completed
A_expansion,connectome,output_disconnect,collision_substeps,30,0,[],0.0,0.0,0.0,completed
A_expansion,connectome,output_disconnect,motor_energy_demand,30,0,[],-0.023363284459244314,-0.0240283173869338,-0.02265740184188375,completed
A_expansion,connectome,output_disconnect,escape_drive_integral,30,0,[],-1.5537675782520646,-1.5976657447843798,-1.5086183433141147,completed
A_expansion,connectome,readout_clamp,food,30,0,[],0.0,0.0,0.0,completed
A_expansion,connectome,readout_clamp,collision_substeps,30,0,[],0.0,0.0,0.0,completed
A_expansion,connectome,readout_clamp,motor_energy_demand,30,0,[],-0.02424322286490783,-0.024915637693220423,-0.023532032331715372,completed
A_expansion,connectome,readout_clamp,escape_drive_integral,30,0,[],-1.5537675782520646,-1.5981467476103375,-1.5099925144420874,completed
A_expansion,connectome,vision_off,food,30,0,[],0.0,0.0,0.0,completed
A_expansion,connectome,vision_off,collision_substeps,30,0,[],0.0,0.0,0.0,completed
A_expansion,connectome,vision_off,motor_energy_demand,30,0,[],-0.023363284459244314,-0.024042418333711766,-0.02269985185020096,completed
A_expansion,connectome,vision_off,escape_drive_integral,30,0,[],-1.5537675782520646,-1.5941892301452243,-1.5099650785710628,completed
A_expansion,hybrid-101,reflex_off,food,30,0,[],0.0,0.0,0.0,completed
A_expansion,hybrid-101,reflex_off,collision_substeps,30,0,[],0.0,0.0,0.0,completed
A_expansion,hybrid-101,reflex_off,motor_energy_demand,30,0,[],-0.0036874262657066196,-0.004140620063534378,-0.0032439173811766014,completed
A_expansion,hybrid-101,reflex_off,escape_drive_integral,30,0,[],-0.24637726258238157,-0.275498045434306,-0.21791114017119015,completed
A_expansion,hybrid-202,reflex_off,food,30,0,[],0.0,0.0,0.0,completed
A_expansion,hybrid-202,reflex_off,collision_substeps,30,0,[],0.0,0.0,0.0,completed
A_expansion,hybrid-202,reflex_off,motor_energy_demand,30,0,[],-0.0024765030972162877,-0.0027960145868152373,-0.002172597319265952,completed
A_expansion,hybrid-202,reflex_off,escape_drive_integral,30,0,[],-0.16562978367010753,-0.1873192600059013,-0.14488278938730564,completed
A_expansion,hybrid-303,reflex_off,food,30,0,[],0.0,0.0,0.0,completed
A_expansion,hybrid-303,reflex_off,collision_substeps,30,0,[],0.0,0.0,0.0,completed
A_expansion,hybrid-303,reflex_off,motor_energy_demand,30,0,[],-0.00014899893363316818,-0.00019387517886459787,-0.00010609024883906225,completed
A_expansion,hybrid-303,reflex_off,escape_drive_integral,30,0,[],-0.009945097605387369,-0.012911406853795035,-0.007182074609398845,completed
A_static,connectome,output_disconnect,food,30,0,[],0.0,0.0,0.0,completed
A_static,connectome,output_disconnect,collision_substeps,30,0,[],0.0,0.0,0.0,completed
A_static,connectome,output_disconnect,motor_energy_demand,30,0,[],-0.01247628609801125,-0.014348744951286642,-0.01073494844639185,completed
A_static,connectome,output_disconnect,escape_drive_integral,30,0,[],-0.8305692860581709,-0.9554125776248271,-0.7156865480412867,completed
A_static,connectome,readout_clamp,food,30,0,[],0.0,0.0,0.0,completed
A_static,connectome,readout_clamp,collision_substeps,30,0,[],0.0,0.0,0.0,completed
A_static,connectome,readout_clamp,motor_energy_demand,30,0,[],-0.013356224503674765,-0.015170465734012756,-0.011576265016274082,completed
A_static,connectome,readout_clamp,escape_drive_integral,30,0,[],-0.8305692860581709,-0.9520725131175884,-0.7048085180492805,completed
A_static,connectome,vision_off,food,30,0,[],0.0,0.0,0.0,completed
A_static,connectome,vision_off,collision_substeps,30,0,[],0.0,0.0,0.0,completed
A_static,connectome,vision_off,motor_energy_demand,30,0,[],-0.01247628609801125,-0.0143186124999752,-0.01063626538516166,completed
A_static,connectome,vision_off,escape_drive_integral,30,0,[],-0.8305692860581709,-0.9587116473143281,-0.7121906856961641,completed
A_static,hybrid-101,reflex_off,food,30,0,[],0.0,0.0,0.0,completed
A_static,hybrid-101,reflex_off,collision_substeps,30,0,[],0.0,0.0,0.0,completed
A_static,hybrid-101,reflex_off,motor_energy_demand,30,0,[],-0.0013812559235195309,-0.001644225737520307,-0.0011533363921600083,completed
A_static,hybrid-101,reflex_off,escape_drive_integral,30,0,[],-0.09242281422019007,-0.1089958069163064,-0.07543644587149223,completed
A_static,hybrid-202,reflex_off,food,30,0,[],0.0,0.0,0.0,completed
A_static,hybrid-202,reflex_off,collision_substeps,30,0,[],0.0,0.0,0.0,completed
A_static,hybrid-202,reflex_off,motor_energy_demand,30,0,[],-0.001121962767163912,-0.001350896016137054,-0.000905199058599272,completed
A_static,hybrid-202,reflex_off,escape_drive_integral,30,0,[],-0.07516264235973356,-0.09081716130996743,-0.06049087691878279,completed
A_static,hybrid-303,reflex_off,food,30,0,[],0.0,0.0,0.0,completed
A_static,hybrid-303,reflex_off,collision_substeps,30,0,[],0.0,0.0,0.0,completed
A_static,hybrid-303,reflex_off,motor_energy_demand,30,0,[],-6.510755821069192e-05,-9.770098912517279e-05,-3.45365281134847e-05,completed
A_static,hybrid-303,reflex_off,escape_drive_integral,30,0,[],-0.004351685921351097,-0.006478344567616775,-0.0023937887907028027,completed
A_translation,connectome,output_disconnect,food,30,0,[],0.0,0.0,0.0,completed
A_translation,connectome,output_disconnect,collision_substeps,30,0,[],0.0,0.0,0.0,completed
A_translation,connectome,output_disconnect,motor_energy_demand,30,0,[],-0.014778132648549545,-0.016604582892514094,-0.013034423658029549,completed
A_translation,connectome,output_disconnect,escape_drive_integral,30,0,[],-0.9836196919803216,-1.1055640155582482,-0.869926597014391,completed
A_translation,connectome,readout_clamp,food,30,0,[],0.0,0.0,0.0,completed
A_translation,connectome,readout_clamp,collision_substeps,30,0,[],0.0,0.0,0.0,completed
A_translation,connectome,readout_clamp,motor_energy_demand,30,0,[],-0.015658071054213057,-0.017498306398946343,-0.013949873822071203,completed
A_translation,connectome,readout_clamp,escape_drive_integral,30,0,[],-0.9836196919803216,-1.1017047397233362,-0.8747199380383663,completed
A_translation,connectome,vision_off,food,30,0,[],0.0,0.0,0.0,completed
A_translation,connectome,vision_off,collision_substeps,30,0,[],0.0,0.0,0.0,completed
A_translation,connectome,vision_off,motor_energy_demand,30,0,[],-0.014778132648549545,-0.016600704905091256,-0.013062991865294658,completed
A_translation,connectome,vision_off,escape_drive_integral,30,0,[],-0.9836196919803216,-1.0985312917157868,-0.8758406242731175,completed
A_translation,hybrid-101,reflex_off,food,30,0,[],0.0,0.0,0.0,completed
A_translation,hybrid-101,reflex_off,collision_substeps,30,0,[],0.0,0.0,0.0,completed
A_translation,hybrid-101,reflex_off,motor_energy_demand,30,0,[],-0.0017091410152614102,-0.001968172952961425,-0.001456509227536616,completed
A_translation,hybrid-101,reflex_off,escape_drive_integral,30,0,[],-0.11437127771973611,-0.1319777024284005,-0.0968711177828411,completed
A_translation,hybrid-202,reflex_off,food,30,0,[],0.0,0.0,0.0,completed
A_translation,hybrid-202,reflex_off,collision_substeps,30,0,[],0.0,0.0,0.0,completed
A_translation,hybrid-202,reflex_off,motor_energy_demand,30,0,[],-0.0005940158265233039,-0.0007312010348779457,-0.00047113069336985486,completed
A_translation,hybrid-202,reflex_off,escape_drive_integral,30,0,[],-0.039898735781510694,-0.04937785870507361,-0.03152196715598308,completed
A_translation,hybrid-303,reflex_off,food,30,0,[],0.0,0.0,0.0,completed
A_translation,hybrid-303,reflex_off,collision_substeps,30,0,[],0.0,0.0,0.0,completed
A_translation,hybrid-303,reflex_off,motor_energy_demand,30,0,[],-2.0666510462761614e-05,-3.984629918535508e-05,-4.789937694868e-06,completed
A_translation,hybrid-303,reflex_off,escape_drive_integral,30,0,[],-0.0013826039632161373,-0.0028011368890603185,-0.0003313129345575927,completed
A_contraction,connectome,output_disconnect,food,30,0,[],0.0,0.0,0.0,completed
A_contraction,connectome,output_disconnect,collision_substeps,30,0,[],0.0,0.0,0.0,completed
A_contraction,connectome,output_disconnect,motor_energy_demand,30,0,[],-0.0034800718592212275,-0.005332654305069961,-0.0019386102796756124,completed
A_contraction,connectome,output_disconnect,escape_drive_integral,30,0,[],-0.23163460244513004,-0.3511834923579906,-0.1243629069343962,completed
A_contraction,connectome,readout_clamp,food,30,0,[],0.0,0.0,0.0,completed
A_contraction,connectome,readout_clamp,collision_substeps,30,0,[],0.0,0.0,0.0,completed
A_contraction,connectome,readout_clamp,motor_energy_demand,30,0,[],-0.00436001026488474,-0.006170897144333093,-0.0028247203957235973,completed
A_contraction,connectome,readout_clamp,escape_drive_integral,30,0,[],-0.23163460244513004,-0.3599170743345106,-0.13101175339212404,completed
A_contraction,connectome,vision_off,food,30,0,[],0.0,0.0,0.0,completed
A_contraction,connectome,vision_off,collision_substeps,30,0,[],0.0,0.0,0.0,completed
A_contraction,connectome,vision_off,motor_energy_demand,30,0,[],-0.0034800718592212275,-0.005297964258477486,-0.0018904813597480313,completed
A_contraction,connectome,vision_off,escape_drive_integral,30,0,[],-0.23163460244513004,-0.3567592475861088,-0.13078382559657784,completed
A_contraction,hybrid-101,reflex_off,food,30,0,[],0.0,0.0,0.0,completed
A_contraction,hybrid-101,reflex_off,collision_substeps,30,0,[],0.0,0.0,0.0,completed
A_contraction,hybrid-101,reflex_off,motor_energy_demand,30,0,[],-0.0002825980515182017,-0.0003953241344985861,-0.00018839589487189932,completed
A_contraction,hybrid-101,reflex_off,escape_drive_integral,30,0,[],-0.018986405839522675,-0.026330483098328115,-0.012428960569451263,completed
A_contraction,hybrid-202,reflex_off,food,30,0,[],0.0,0.0,0.0,completed
A_contraction,hybrid-202,reflex_off,collision_substeps,30,0,[],0.0,0.0,0.0,completed
A_contraction,hybrid-202,reflex_off,motor_energy_demand,30,0,[],-0.00030123008433977826,-0.00040574182797844133,-0.0002095544778679808,completed
A_contraction,hybrid-202,reflex_off,escape_drive_integral,30,0,[],-0.020338743766148845,-0.02725680250500636,-0.01401967196638382,completed
A_contraction,hybrid-303,reflex_off,food,30,0,[],0.0,0.0,0.0,completed
A_contraction,hybrid-303,reflex_off,collision_substeps,30,0,[],0.0,0.0,0.0,completed
A_contraction,hybrid-303,reflex_off,motor_energy_demand,30,0,[],-1.1060071825980585e-05,-2.5357658189533767e-05,-6.123469273244346e-07,completed
A_contraction,hybrid-303,reflex_off,escape_drive_integral,30,0,[],-0.0007400747140248705,-0.0016512705902258582,-5.225749810537176e-05,completed
B_food,connectome,tonic_off,food,30,0,[],-0.29685435591874293,-0.431498347257067,-0.16882998614151506,completed
B_food,connectome,tonic_off,collision_substeps,30,0,[],0.0,0.0,0.0,completed
B_food,connectome,tonic_off,motor_energy_demand,30,0,[],-0.002267569852613692,-0.0023298195028742287,-0.00220699494092011,completed
B_food,connectome,tonic_off,escape_drive_integral,30,0,[],0.0,0.0,0.0,completed
B_food,feedforward-101,chemical_off,food,30,0,[],-0.24291564693053508,-0.37535766852274427,-0.11613490689297475,completed
B_food,feedforward-101,chemical_off,collision_substeps,30,0,[],0.0,0.0,0.0,completed
B_food,feedforward-101,chemical_off,motor_energy_demand,30,0,[],0.004170764581166831,0.0034390117759944437,0.0049138473818740045,completed
B_food,feedforward-101,chemical_off,escape_drive_integral,30,0,[],0.0930136257627358,0.06590419571944511,0.12373539895567422,completed
B_food,feedforward-202,chemical_off,food,30,0,[],-0.008944669748345731,-0.025717434659599567,0.0,completed
B_food,feedforward-202,chemical_off,collision_substeps,30,0,[],0.0,0.0,0.0,completed
B_food,feedforward-202,chemical_off,motor_energy_demand,30,0,[],-0.0005517287498659394,-0.0007268760046073837,-0.0002846978319296085,completed
B_food,feedforward-202,chemical_off,escape_drive_integral,30,0,[],-0.020209236336561565,-0.025896069236968976,-0.011326472515189884,completed
B_food,feedforward-303,chemical_off,food,30,0,[],0.0,0.0,0.0,completed
B_food,feedforward-303,chemical_off,collision_substeps,30,0,[],0.0,0.0,0.0,completed
B_food,feedforward-303,chemical_off,motor_energy_demand,30,0,[],8.96969725427524e-05,8.568829825933365e-05,9.351474343212284e-05,completed
B_food,feedforward-303,chemical_off,escape_drive_integral,30,0,[],-0.005042899140467244,-0.005259199119918044,-0.004823300598344452,completed
B_danger,feedforward-101,chemical_off,food,30,0,[],-0.06666666666666678,-0.20000000000000023,0.0666666666666666,completed
B_danger,feedforward-101,chemical_off,collision_substeps,30,0,[],0.0,0.0,0.0,completed
B_danger,feedforward-101,chemical_off,motor_energy_demand,30,0,[],0.0027404166290345027,0.002056298611627997,0.003338768327475016,completed
B_danger,feedforward-101,chemical_off,escape_drive_integral,30,0,[],0.033858590995892876,0.00762160095387759,0.061672699241619555,completed
B_danger,feedforward-202,chemical_off,food,30,0,[],-0.03814837834735715,-0.10963009002804763,0.0,completed
B_danger,feedforward-202,chemical_off,collision_substeps,30,0,[],0.0,0.0,0.0,completed
B_danger,feedforward-202,chemical_off,motor_energy_demand,30,0,[],-0.00042915089250169673,-0.0008476062310980013,0.00030912469608584964,completed
B_danger,feedforward-202,chemical_off,escape_drive_integral,30,0,[],-0.015660148636748396,-0.027208080623174705,0.004374061205858974,completed
B_danger,feedforward-303,chemical_off,food,30,0,[],0.0,0.0,0.0,completed
B_danger,feedforward-303,chemical_off,collision_substeps,30,0,[],0.0,0.0,0.0,completed
B_danger,feedforward-303,chemical_off,motor_energy_demand,30,0,[],8.05974754088871e-05,7.798799863606716e-05,8.32977992558077e-05,completed
B_danger,feedforward-303,chemical_off,escape_drive_integral,30,0,[],-0.004098808585976562,-0.00427821046113968,-0.003921634816580145,completed
C_occlusion,feedforward-101,chemical_off,food,30,0,[],0.0,0.0,0.0,completed
C_occlusion,feedforward-101,chemical_off,collision_substeps,30,0,[],0.0,0.0,0.0,completed
C_occlusion,feedforward-101,chemical_off,motor_energy_demand,30,0,[],2.7742607983449972e-05,2.847399522860894e-06,5.871156007796497e-05,completed
C_occlusion,feedforward-101,chemical_off,escape_drive_integral,30,0,[],0.0002447101945678376,2.6083538929620268e-05,0.0005022183607021909,completed
C_occlusion,feedforward-202,chemical_off,food,30,0,[],0.0,0.0,0.0,completed
C_occlusion,feedforward-202,chemical_off,collision_substeps,30,0,[],0.0,0.0,0.0,completed
C_occlusion,feedforward-202,chemical_off,motor_energy_demand,30,0,[],0.0,0.0,0.0,completed
C_occlusion,feedforward-202,chemical_off,escape_drive_integral,30,0,[],0.0,0.0,0.0,completed
C_occlusion,feedforward-303,chemical_off,food,30,0,[],0.0,0.0,0.0,completed
C_occlusion,feedforward-303,chemical_off,collision_substeps,30,0,[],0.0,0.0,0.0,completed
C_occlusion,feedforward-303,chemical_off,motor_energy_demand,30,0,[],0.0,0.0,0.0,completed
C_occlusion,feedforward-303,chemical_off,escape_drive_integral,30,0,[],0.0,0.0,0.0,completed
C_occlusion,hybrid-101,memory_reset,food,30,0,[],0.0,0.0,0.0,completed
C_occlusion,hybrid-101,memory_reset,collision_substeps,30,0,[],0.0,0.0,0.0,completed
C_occlusion,hybrid-101,memory_reset,motor_energy_demand,30,0,[],-0.027481231993491444,-0.02825481472231484,-0.026683209387664122,completed
C_occlusion,hybrid-101,memory_reset,escape_drive_integral,30,0,[],-1.7009509152074656,-1.7472117678858337,-1.6539310118856527,completed
C_occlusion,hybrid-202,memory_reset,food,30,0,[],0.0,0.0,0.0,completed
C_occlusion,hybrid-202,memory_reset,collision_substeps,30,0,[],0.0,0.0,0.0,completed
C_occlusion,hybrid-202,memory_reset,motor_energy_demand,30,0,[],-0.031647037507807216,-0.032181783888502305,-0.031124297465785225,completed
C_occlusion,hybrid-202,memory_reset,escape_drive_integral,30,0,[],-1.7388260830541453,-1.7714059010555345,-1.7092601052788396,completed
C_occlusion,hybrid-303,memory_reset,food,30,0,[],0.0,0.0,0.0,completed
C_occlusion,hybrid-303,memory_reset,collision_substeps,30,0,[],-1.9333333333333333,-3.8675,-0.4,completed
C_occlusion,hybrid-303,memory_reset,motor_energy_demand,30,0,[],-0.034604758186643325,-0.0350436846403985,-0.03415415474756584,completed
C_occlusion,hybrid-303,memory_reset,escape_drive_integral,30,0,[],-2.117329336961111,-2.143228371953964,-2.0922080771461133,completed
C_occlusion,recurrent-101,memory_reset,food,30,0,[],0.0,0.0,0.0,completed
C_occlusion,recurrent-101,memory_reset,collision_substeps,30,0,[],2.9,0.9,5.066666666666666,completed
C_occlusion,recurrent-101,memory_reset,motor_energy_demand,30,0,[],-0.019736959852134188,-0.019798833716246605,-0.019668169258299593,completed
C_occlusion,recurrent-101,memory_reset,escape_drive_integral,30,0,[],-1.4772489791115124,-1.4832287759224574,-1.4710731687826417,completed
C_occlusion,recurrent-202,memory_reset,food,30,0,[],0.0,0.0,0.0,completed
C_occlusion,recurrent-202,memory_reset,collision_substeps,30,0,[],13.166666666666666,7.166666666666667,19.833333333333332,completed
C_occlusion,recurrent-202,memory_reset,motor_energy_demand,30,0,[],-0.0069353074805140495,-0.006986504940882573,-0.00688714770851781,completed
C_occlusion,recurrent-202,memory_reset,escape_drive_integral,30,0,[],-0.13870053023099904,-0.13929544656785828,-0.1381124837178737,completed
C_occlusion,recurrent-303,memory_reset,food,30,0,[],0.0,0.0,0.0,completed
C_occlusion,recurrent-303,memory_reset,collision_substeps,30,0,[],0.0,0.0,0.0,completed
C_occlusion,recurrent-303,memory_reset,motor_energy_demand,30,0,[],-0.005038257649784287,-0.005348898170975224,-0.004740505169156442,completed
C_occlusion,recurrent-303,memory_reset,escape_drive_integral,30,0,[],-0.09377678753435612,-0.10632573869936165,-0.08189657424017786,completed
C_relocation,connectome,tonic_off,food,30,0,[],-0.02458921046445349,-0.08438155154470717,0.04059640132670936,completed
C_relocation,connectome,tonic_off,collision_substeps,30,0,[],0.0,0.0,0.0,completed
C_relocation,connectome,tonic_off,motor_energy_demand,30,0,[],-0.002733993262986211,-0.0028149664085605386,-0.002654465240179527,completed
C_relocation,connectome,tonic_off,escape_drive_integral,30,0,[],0.0,0.0,0.0,completed
C_relocation,feedforward-101,chemical_off,food,30,0,[],-0.053693296184141745,-0.09358164869782704,-0.017746831639234618,completed
C_relocation,feedforward-101,chemical_off,collision_substeps,30,0,[],0.0,0.0,0.0,completed
C_relocation,feedforward-101,chemical_off,motor_energy_demand,30,0,[],0.0034350845553191975,0.0031643067404300887,0.0037457074911676482,completed
C_relocation,feedforward-101,chemical_off,escape_drive_integral,30,0,[],0.05499039581045508,0.0464229203622633,0.06559642527909017,completed
C_relocation,feedforward-202,chemical_off,food,30,0,[],-0.005212547332047798,-0.02550272770846862,0.010772318571806992,completed
C_relocation,feedforward-202,chemical_off,collision_substeps,30,0,[],0.0,0.0,0.0,completed
C_relocation,feedforward-202,chemical_off,motor_energy_demand,30,0,[],-0.0007973555498984469,-0.0009328006042908236,-0.0006123030699107389,completed
C_relocation,feedforward-202,chemical_off,escape_drive_integral,30,0,[],-0.025925927864542873,-0.03121859091220347,-0.019001404532173187,completed
C_relocation,feedforward-303,chemical_off,food,30,0,[],-0.02963461961348863,-0.08890385884046578,0.0,completed
C_relocation,feedforward-303,chemical_off,collision_substeps,30,0,[],0.0,0.0,0.0,completed
C_relocation,feedforward-303,chemical_off,motor_energy_demand,30,0,[],0.00010778275612493288,8.1956480033602e-05,0.00014745653797940583,completed
C_relocation,feedforward-303,chemical_off,escape_drive_integral,30,0,[],-0.003026734199374916,-0.0052282634384309265,0.0011154228225505579,completed
C_relocation,hybrid-101,memory_reset,food,30,0,[],0.025112085585792802,0.003206381793692705,0.05080620723714414,completed
C_relocation,hybrid-101,memory_reset,collision_substeps,30,0,[],0.0,0.0,0.0,completed
C_relocation,hybrid-101,memory_reset,motor_energy_demand,30,0,[],-0.02011040287955478,-0.023475942608494685,-0.01665990138187027,completed
C_relocation,hybrid-101,memory_reset,escape_drive_integral,30,0,[],-1.3427779914848508,-1.5573065953395642,-1.1123953253749759,completed
C_relocation,hybrid-202,memory_reset,food,30,0,[],0.10579471577703958,0.015599412765105625,0.20283270397034167,completed
C_relocation,hybrid-202,memory_reset,collision_substeps,30,0,[],0.0,0.0,0.0,completed
C_relocation,hybrid-202,memory_reset,motor_energy_demand,30,0,[],-0.0016448367710891173,-0.0069095646356813764,0.00331126410964149,completed
C_relocation,hybrid-202,memory_reset,escape_drive_integral,30,0,[],-0.06279536308053259,-0.3604024043375898,0.1853175671400968,completed
C_relocation,hybrid-303,memory_reset,food,30,0,[],0.049524417976538324,0.01000431093188623,0.09590827518490447,completed
C_relocation,hybrid-303,memory_reset,collision_substeps,30,0,[],0.0,0.0,0.0,completed
C_relocation,hybrid-303,memory_reset,motor_energy_demand,30,0,[],-0.040236835905482375,-0.0412572772764119,-0.03931397626425748,completed
C_relocation,hybrid-303,memory_reset,escape_drive_integral,30,0,[],-2.455872582425674,-2.514645009644081,-2.4027998115124807,completed
C_relocation,recurrent-101,memory_reset,food,30,0,[],0.050343198993553676,0.019457241410234305,0.08668183482005246,completed
C_relocation,recurrent-101,memory_reset,collision_substeps,30,0,[],0.0,0.0,0.0,completed
C_relocation,recurrent-101,memory_reset,motor_energy_demand,30,0,[],-0.00839092366098209,-0.009738876344371462,-0.006988893604510495,completed
C_relocation,recurrent-101,memory_reset,escape_drive_integral,30,0,[],-0.7053404332076509,-0.796656382910426,-0.6047761983454228,completed
C_relocation,recurrent-202,memory_reset,food,30,0,[],0.013951049387454924,-0.02783962629362954,0.05314322512311236,completed
C_relocation,recurrent-202,memory_reset,collision_substeps,30,0,[],0.0,0.0,0.0,completed
C_relocation,recurrent-202,memory_reset,motor_energy_demand,30,0,[],-0.004430583982711037,-0.004828227189549804,-0.003955457558498161,completed
C_relocation,recurrent-202,memory_reset,escape_drive_integral,30,0,[],-0.09488851585984232,-0.10521734516359868,-0.08265099667621158,completed
C_relocation,recurrent-303,memory_reset,food,30,0,[],-0.05984233238051333,-0.17574853028580542,0.047773958040711745,completed
C_relocation,recurrent-303,memory_reset,collision_substeps,30,0,[],0.0,0.0,0.0,completed
C_relocation,recurrent-303,memory_reset,motor_energy_demand,30,0,[],0.0029104632020820476,0.0017957562924974927,0.003965801793613517,completed
C_relocation,recurrent-303,memory_reset,escape_drive_integral,30,0,[],0.15088288258202376,0.10860098549188116,0.19518396828846693,completed
C_unseen,feedforward-101,chemical_off,food,30,0,[],0.0,0.0,0.0,completed
C_unseen,feedforward-101,chemical_off,collision_substeps,30,0,[],0.0,0.0,0.0,completed
C_unseen,feedforward-101,chemical_off,motor_energy_demand,30,0,[],0.0016469060439220239,0.0014317502728795157,0.0018656555803316427,completed
C_unseen,feedforward-101,chemical_off,escape_drive_integral,30,0,[],0.00793482763071855,0.0008444821848844523,0.01403325961306691,completed
C_unseen,feedforward-202,chemical_off,food,30,0,[],0.0,0.0,0.0,completed
C_unseen,feedforward-202,chemical_off,collision_substeps,30,0,[],0.0,0.0,0.0,completed
C_unseen,feedforward-202,chemical_off,motor_energy_demand,30,0,[],-0.00033346000371376725,-0.00036045715175854736,-0.0003004350839750224,completed
C_unseen,feedforward-202,chemical_off,escape_drive_integral,30,0,[],-0.009828015128771466,-0.01067334473865728,-0.008759523732836054,completed
C_unseen,feedforward-303,chemical_off,food,30,0,[],0.0,0.0,0.0,completed
C_unseen,feedforward-303,chemical_off,collision_substeps,30,0,[],0.0,0.0,0.0,completed
C_unseen,feedforward-303,chemical_off,motor_energy_demand,30,0,[],3.0341618703678615e-05,2.7915250540913163e-05,3.2089448557608514e-05,completed
C_unseen,feedforward-303,chemical_off,escape_drive_integral,30,0,[],-0.0005043853626896952,-0.0005542137947399194,-0.0004500525967838876,completed
C_unseen,hybrid-101,memory_reset,food,30,0,[],-0.0012720070220530034,-0.0035052221156656746,0.0,completed
C_unseen,hybrid-101,memory_reset,collision_substeps,30,0,[],13.3,-3.8333333333333335,46.16916666666665,completed
C_unseen,hybrid-101,memory_reset,motor_energy_demand,30,0,[],-0.027752562053250766,-0.030221160301250837,-0.02561266146135846,completed
C_unseen,hybrid-101,memory_reset,escape_drive_integral,30,0,[],-1.729576850672563,-1.8753996985439205,-1.5967404218466328,completed
C_unseen,hybrid-202,memory_reset,food,30,0,[],0.0013662445445855465,0.0,0.004098733633756639,completed
C_unseen,hybrid-202,memory_reset,collision_substeps,30,0,[],-7.333333333333333,-11.200833333333332,-3.6666666666666665,completed
C_unseen,hybrid-202,memory_reset,motor_energy_demand,30,0,[],-0.027175181144922976,-0.028259202426256236,-0.026138030389178855,completed
C_unseen,hybrid-202,memory_reset,escape_drive_integral,30,0,[],-1.4541385846609869,-1.5233740484124048,-1.3886549533914774,completed
C_unseen,hybrid-303,memory_reset,food,30,0,[],-0.0016412172764539716,-0.004923651829361915,0.0,completed
C_unseen,hybrid-303,memory_reset,collision_substeps,30,0,[],-21.666666666666668,-33.6,-9.899166666666671,completed
C_unseen,hybrid-303,memory_reset,motor_energy_demand,30,0,[],-0.029754181406406063,-0.03105124342728759,-0.02841178066362819,completed
C_unseen,hybrid-303,memory_reset,escape_drive_integral,30,0,[],-1.819861041267713,-1.9019795814335347,-1.734673576153318,completed
C_unseen,recurrent-101,memory_reset,food,30,0,[],0.0,0.0,0.0,completed
C_unseen,recurrent-101,memory_reset,collision_substeps,30,0,[],0.0,0.0,0.0,completed
C_unseen,recurrent-101,memory_reset,motor_energy_demand,30,0,[],-0.011842815286487344,-0.01208817991002376,-0.011641202619803514,completed
C_unseen,recurrent-101,memory_reset,escape_drive_integral,30,0,[],-0.9285820756455262,-0.9448792701358598,-0.9129523666625222,completed
C_unseen,recurrent-202,memory_reset,food,30,0,[],0.0,0.0,0.0,completed
C_unseen,recurrent-202,memory_reset,collision_substeps,30,0,[],5.2,1.1333333333333333,10.6,completed
C_unseen,recurrent-202,memory_reset,motor_energy_demand,30,0,[],-0.005423558272053799,-0.005536955942753081,-0.005325774785470838,completed
C_unseen,recurrent-202,memory_reset,escape_drive_integral,30,0,[],-0.11303730808695159,-0.11457813365993401,-0.11145713822245601,completed
C_unseen,recurrent-303,memory_reset,food,30,0,[],0.0,0.0,0.0,completed
C_unseen,recurrent-303,memory_reset,collision_substeps,30,0,[],0.0,0.0,0.0,completed
C_unseen,recurrent-303,memory_reset,motor_energy_demand,30,0,[],-0.0033457893026967835,-0.0037000482803797967,-0.0030288338806090873,completed
C_unseen,recurrent-303,memory_reset,escape_drive_integral,30,0,[],-0.050194830079873395,-0.06034628763863196,-0.041182149465444205,completed
