scenario,controller,ablation,environment_units,completed,status_counts_completed,response_fraction,preactivated_fraction,food_mean,food_ci95_low,food_ci95_high,food_defined_units,collision_substeps_mean,collision_substeps_ci95_low,collision_substeps_ci95_high,collision_substeps_defined_units,motor_energy_demand_mean,motor_energy_demand_ci95_low,motor_energy_demand_ci95_high,motor_energy_demand_defined_units,final_simulated_energy_mean,final_simulated_energy_ci95_low,final_simulated_energy_ci95_high,final_simulated_energy_defined_units,escape_drive_integral_mean,escape_drive_integral_ci95_low,escape_drive_integral_ci95_high,escape_drive_integral_defined_units,inference_mean_ms_mean,inference_mean_ms_ci95_low,inference_mean_ms_ci95_high,inference_mean_ms_defined_units,reaction_seconds_mean,reaction_seconds_ci95_low,reaction_seconds_ci95_high,reaction_seconds_defined_units,recovery_seconds_mean,recovery_seconds_ci95_low,recovery_seconds_ci95_high,recovery_seconds_defined_units
A_contraction,connectome,none,30,30,30,0.5333333333333333,0.06666666666666667,0.0,0.0,0.0,30,0.0,0.0,0.0,30,0.006360010264884741,0.004810842964510648,0.008126411200657168,30,0.8436399897351154,0.8416865423141214,0.8452348309450732,30,0.23163460244513004,0.1311730957580998,0.3541942394484678,30,55.60280293636121,52.89206080180557,58.45999418696774,30,0.18125,0.09246875,0.2837812499999999,16,,,,0
A_contraction,connectome,output_disconnect,30,30,30,0.0,0.0,0.0,0.0,0.0,30,0.0,0.0,0.0,30,0.0028799384056635135,0.002846595182960557,0.0029194500940923035,30,0.8471200615943367,0.8470834068653438,0.8471562620571634,30,0.0,0.0,0.0,30,75.18038312908418,68.89446762442724,81.46639490427819,30,,,,0,,,,0
A_contraction,connectome,readout_clamp,30,30,30,0.0,0.0,0.0,0.0,0.0,30,0.0,0.0,0.0,30,0.0020000000000000005,0.0020000000000000005,0.0020000000000000005,30,0.8480000000000092,0.8480000000000092,0.8480000000000092,30,0.0,0.0,0.0,30,66.57399683913293,61.88337097111265,71.15944696274478,30,,,,0,,,,0
A_contraction,connectome,vision_off,30,30,30,0.0,0.0,0.0,0.0,0.0,30,0.0,0.0,0.0,30,0.0028799384056635135,0.0028437945056553554,0.002919286124797276,30,0.8471200615943367,0.8470817476375426,0.8471540798219456,30,0.0,0.0,0.0,30,85.25872388897308,79.46321225211602,91.57945370699501,30,,,,0,,,,0
A_contraction,feedforward-101,none,30,30,30,0.0,0.0,0.0,0.0,0.0,30,0.0,0.0,0.0,30,0.008141397905121247,0.008132798560627675,0.008149516253324102,30,0.8418586020948787,0.8418498755574103,0.8418675141624493,30,0.14503900644183162,0.14463242956250907,0.14544710042364895,30,0.10296914688660763,0.10219240331449933,0.10385888104647165,30,,,,0,,,,0
A_contraction,feedforward-202,none,30,30,30,0.0,0.0,0.0,0.0,0.0,30,0.0,0.0,0.0,30,0.008514106857736905,0.008511182577498505,0.008517015566412857,30,0.8414858931422627,0.8414829739789661,0.8414889508339044,30,0.1536889040072759,0.1535735426000009,0.15379810063640276,30,0.11322611906992582,0.11245917795070758,0.11404340086883168,30,,,,0,,,,0
A_contraction,feedforward-303,none,30,30,30,0.0,0.0,0.0,0.0,0.0,30,0.0,0.0,0.0,30,0.004409320260753856,0.004407537065915422,0.004410952393892439,30,0.8455906797392462,0.845588952573665,0.8455923598172904,30,0.03541691134683788,0.035311665731342506,0.03551838217061014,30,0.12356754687304299,0.12291623906348832,0.12419395826776357,30,,,,0,,,,0
A_contraction,hybrid-101,none,30,30,30,0.16666666666666666,0.0,0.0,0.0,0.0,30,0.0,0.0,0.0,30,0.02002015448814631,0.019957921091428146,0.020082875082738694,30,0.8299798455118537,0.8299152865561862,0.8300395938541577,30,0.8815113999843598,0.8772462264120579,0.8860516887607675,30,0.17245572075868645,0.1600870351040309,0.18907969862945417,30,0.404,0.3,0.58,5,,,,0
A_contraction,hybrid-101,reflex_off,30,30,30,0.0,0.0,0.0,0.0,0.0,30,0.0,0.0,0.0,30,0.0197375564366281,0.019665588857588418,0.019803362811411918,30,0.8302624435633719,0.8301986785860543,0.8303256797170798,30,0.8625249941448371,0.8581468736261131,0.8666556018869083,30,0.13145616738862978,0.11770129087623596,0.15788480973666688,30,,,,0,,,,0
A_contraction,hybrid-202,none,30,30,30,0.26666666666666666,0.16666666666666666,0.0,0.0,0.0,30,0.0,0.0,0.0,30,0.02549848416122794,0.025418140445954845,0.025589344030300526,30,0.8245015158387721,0.824410028296842,0.8245824564419036,30,1.111342719902595,1.1058946891156338,1.1176108178816735,30,0.4161753731411106,0.37547011971522204,0.4595585566972052,30,0.21750000000000003,0.10750000000000001,0.35250000000000004,8,,,,0
A_contraction,hybrid-202,reflex_off,30,30,30,0.0,0.0,0.0,0.0,0.0,30,0.0,0.0,0.0,30,0.02519725407688816,0.025162623313113048,0.02523128331919586,30,0.8248027459231118,0.8247669554354773,0.8248388063858564,30,1.091003976136446,1.0888027263022964,1.0932650989013415,30,0.11777259225103383,0.11686470815014521,0.11869749148463599,30,,,,0,,,,0
A_contraction,hybrid-303,none,30,30,30,0.0,1.0,0.0,0.0,0.0,30,0.0,0.0,0.0,30,0.03637969420768817,0.036366094478493434,0.03639506822369942,30,0.8136203057923116,0.8136041007419147,0.813633249035528,30,1.8481790741880735,1.8472503560786444,1.8493437922537326,30,0.2326024319821348,0.22536856741741454,0.24041355584195118,30,,,,0,,,,0
A_contraction,hybrid-303,reflex_off,30,30,30,0.0,1.0,0.0,0.0,0.0,30,0.0,0.0,0.0,30,0.03636863413586219,0.036360882364873594,0.03637607314967761,30,0.8136313658641376,0.8136239452735836,0.8136393157259451,30,1.8474389994740483,1.8469109715705119,1.8479250708639618,30,0.11796157601444672,0.11671230168891876,0.11944065845867348,30,,,,0,,,,0
A_contraction,random,none,30,30,30,0.9666666666666667,0.43333333333333335,0.0,0.0,0.0,30,0.0,0.0,0.0,30,0.020743716957269738,0.020400762527914583,0.021100934892162873,30,0.8292562830427302,0.8288915712672863,0.8295719228269751,30,0.9822953728867707,0.9597369019185945,1.0068479309518497,30,0.015490083722397685,0.015141150508861757,0.01588431350586082,30,0.057241379310344835,0.03931034482758621,0.07655172413793104,29,,,,0
A_contraction,recurrent-101,none,30,30,30,0.0,0.0,0.0,0.0,0.0,30,0.0,0.0,0.0,30,0.016940499496370554,0.016928590643599136,0.016952906751444438,30,0.8330595005036295,0.8330478973529897,0.8330709800791406,30,0.8005454197625319,0.7999500417605042,0.8012013899587096,30,0.1427557792630978,0.14103093528416744,0.14464295374709765,30,,,,0,,,,0
A_contraction,recurrent-202,none,30,30,30,0.0,0.0,0.0,0.0,0.0,30,0.0,0.0,0.0,30,0.012605551882227263,0.012602841850271574,0.012608322126716129,30,0.8373944481177727,0.8373915191370498,0.8373971702956471,30,0.2983581551710765,0.2982606888207297,0.298453814333429,30,0.14278729084374694,0.14029054755592368,0.1454812225395775,30,,,,0,,,,0
A_contraction,recurrent-303,none,30,30,30,0.0,0.0,0.0,0.0,0.0,30,0.0,0.0,0.0,30,0.01263812656499942,0.012629312797876203,0.012646088558027648,30,0.8373618734350003,0.8373537504506441,0.8373703407694859,30,0.29455970174074175,0.29414081046978635,0.29495434614643457,30,0.16167069020836303,0.15272434870591195,0.1748173098414554,30,,,,0,,,,0
A_contraction,rule,none,30,30,30,0.0,0.0,0.0,0.0,0.0,30,0.0,0.0,0.0,30,0.0055999999999999965,0.0055999999999999965,0.0055999999999999965,30,0.8443999999999942,0.8443999999999942,0.8443999999999942,30,0.0,0.0,0.0,30,0.016660301393130794,0.0159361061201101,0.017372025210109616,30,,,,0,,,,0
A_contraction,untrained,none,30,30,30,0.0,0.0,0.0,0.0,0.0,30,0.0,0.0,0.0,30,0.008580121006028571,0.008580024075941316,0.008580204681756557,30,0.8414198789939714,0.8414197920054909,0.841419972979187,30,0.23843068362772468,0.23842672401244447,0.23843446229336165,30,0.6239111763522184,0.5463076946337727,0.7137435471869442,30,,,,0,,,,0
A_expansion,connectome,none,30,30,30,0.9666666666666667,0.06666666666666667,0.0,0.0,0.0,30,0.0,0.0,0.0,30,0.02624322286490783,0.025541097144793003,0.026952872410653875,30,0.8237567771350924,0.8231128574049628,0.82447474128326,30,1.5537675782520646,1.5104893599185407,1.5958858845148438,30,59.46762183546283,56.16977802976216,63.980297798168856,30,0.03931034482758621,0.03241379310344828,0.04620689655172415,29,,,,0
A_expansion,connectome,output_disconnect,30,30,30,0.0,0.0,0.0,0.0,0.0,30,0.0,0.0,0.0,30,0.0028799384056635135,0.002843314726674007,0.0029185346054412505,30,0.8471200615943367,0.8470802457142271,0.8471565484297059,30,0.0,0.0,0.0,30,84.5305422838331,79.44869790753582,90.18642537371609,30,,,,0,,,,0
A_expansion,connectome,readout_clamp,30,30,30,0.0,0.0,0.0,0.0,0.0,30,0.0,0.0,0.0,30,0.0020000000000000005,0.0020000000000000005,0.0020000000000000005,30,0.8480000000000092,0.8480000000000092,0.8480000000000092,30,0.0,0.0,0.0,30,77.15553009292732,71.12858078493834,83.66196676030134,30,,,,0,,,,0
A_expansion,connectome,vision_off,30,30,30,0.0,0.0,0.0,0.0,0.0,30,0.0,0.0,0.0,30,0.0028799384056635135,0.0028432115508664957,0.002918621153719773,30,0.8471200615943367,0.8470825672158195,0.8471561142234837,30,0.0,0.0,0.0,30,81.46109526912915,78.02532865205261,84.89231929216305,30,,,,0,,,,0
A_expansion,feedforward-101,none,30,30,30,0.0,0.0,0.0,0.0,0.0,30,0.0,0.0,0.0,30,0.0076242885297462355,0.0075743987815716,0.007670771673807253,30,0.8423757114702538,0.842327996593481,0.8424273538459572,30,0.12927848102400702,0.12743471886161714,0.13090488494019956,30,0.10780619553406723,0.10381520941349057,0.113654277252499,30,,,,0,,,,0
A_expansion,feedforward-202,none,30,30,30,0.0,0.0,0.0,0.0,0.0,30,0.0,0.0,0.0,30,0.008351866510813434,0.00833946402049611,0.008364290400791046,30,0.8416481334891865,0.8416354195166824,0.84166148112449,30,0.14780685909092425,0.14731897128795585,0.14825698124257225,30,0.11158693344138253,0.11036454972345382,0.11330962397381275,30,,,,0,,,,0
A_expansion,feedforward-303,none,30,30,30,0.0,0.0,0.0,0.0,0.0,30,0.0,0.0,0.0,30,0.0043504697269108146,0.004344088869467471,0.004356231982530747,30,0.8456495302730893,0.8456437454787991,0.8456558256789686,30,0.03183732209851344,0.0314644196208256,0.03221486581211599,30,0.1215501182693212,0.12044594720427995,0.1225628684881182,30,,,,0,,,,0
A_expansion,hybrid-101,none,30,30,30,1.0,0.0,0.0,0.0,0.0,30,0.0,0.0,0.0,30,0.022279235032339893,0.021963814721591524,0.02259871721887365,30,0.82772076496766,0.8273980697667704,0.8280161499548819,30,1.0362627014319103,1.0141698050205907,1.05805585518231,30,0.154852451281234,0.15420014311603153,0.1555446899898622,30,0.37866666666666665,0.2693333333333333,0.4993499999999999,30,,,,0
A_expansion,hybrid-101,reflex_off,30,30,30,0.0,0.0,0.0,0.0,0.0,30,0.0,0.0,0.0,30,0.018591808766633276,0.018461039085141816,0.0187115826209036,30,0.8314081912333666,0.8312894506569992,0.8315348631245646,30,0.7898854388495286,0.7818753877994915,0.7970876346898575,30,0.1317968863392404,0.11757397580295219,0.15930020375211218,30,,,,0,,,,0
A_expansion,hybrid-202,none,30,30,30,1.0,0.16666666666666666,0.0,0.0,0.0,30,0.0,0.0,0.0,30,0.026701380527009565,0.026459789775909733,0.02696524990930284,30,0.8232986194729904,0.8230486006354739,0.8235355950513894,30,1.1953711055616538,1.1785911358699201,1.2124633598717551,30,0.5213996708431902,0.42878069011494513,0.6485039593118319,30,0.4080000000000001,0.2986166666666667,0.5226666666666666,30,,,,0
A_expansion,hybrid-202,reflex_off,30,30,30,0.0,0.0,0.0,0.0,0.0,30,0.0,0.0,0.0,30,0.02422487742979328,0.024116552677352725,0.024328615682245536,30,0.8257751225702069,0.8256765026632867,0.8258870288222864,30,1.0297413218915463,1.0225790652260187,1.0363939115238685,30,0.11812993061418335,0.11725697406654945,0.11906560797821536,30,,,,0,,,,0
A_expansion,hybrid-303,none,30,30,30,0.0,1.0,0.0,0.0,0.0,30,0.0,0.0,0.0,30,0.03634400862632195,0.03631406800079246,0.0363757299623554,30,0.8136559913736782,0.8136238459713288,0.8136843013826319,30,1.8536719077626864,1.8511631146689258,1.8564977533727884,30,0.25641756734694354,0.238732604196169,0.27688167358816523,30,,,,0,,,,0
A_expansion,hybrid-303,reflex_off,30,30,30,0.0,1.0,0.0,0.0,0.0,30,0.0,0.0,0.0,30,0.036195009692688775,0.03617191868943422,0.03621841139475257,30,0.8138049903073111,0.8137806966342148,0.8138292159609795,30,1.843726810157299,1.842941796874503,1.8445100836982329,30,0.11899981889291666,0.11804872154971235,0.12006380598371227,30,,,,0,,,,0
A_expansion,random,none,30,30,30,0.9666666666666667,0.43333333333333335,0.0,0.0,0.0,30,0.0,0.0,0.0,30,0.020743716957269738,0.020377344488844724,0.02109317318992873,30,0.8292562830427302,0.82889315962328,0.8295765369028927,30,0.9822953728867707,0.9597130186562574,1.0071833932230432,30,0.017591941150991868,0.01630828931520227,0.019430596442543902,30,0.057241379310344835,0.03931034482758621,0.07793103448275863,29,,,,0
A_expansion,recurrent-101,none,30,30,30,0.0,0.0,0.0,0.0,0.0,30,0.0,0.0,0.0,30,0.016893103844414156,0.01688025276903858,0.016907550029344364,30,0.8331068961555858,0.8330924089175998,0.8331197834266261,30,0.7991474314232668,0.7984679909591873,0.7998602231070401,30,0.1604117769165896,0.14896557550576595,0.1796671079212198,30,,,,0,,,,0
A_expansion,recurrent-202,none,30,30,30,0.0,0.0,0.0,0.0,0.0,30,0.0,0.0,0.0,30,0.012529889045019947,0.01252200828953336,0.012537349763869245,30,0.8374701109549803,0.8374622245340329,0.8374781412179517,30,0.2953718011577923,0.2950393619092802,0.29566633631065486,30,0.14900879446455897,0.14591539249110308,0.1524437101126144,30,,,,0,,,,0
A_expansion,recurrent-303,none,30,30,30,0.0,0.0,0.0,0.0,0.0,30,0.0,0.0,0.0,30,0.012134492634937167,0.01207495826695189,0.012187504349633681,30,0.8378655073650626,0.8378138608792748,0.8379258377754404,30,0.26966404699782526,0.2670569752627363,0.2720005410986643,30,0.20171735253340253,0.18318391292583935,0.22911544293553257,30,,,,0,,,,0
A_expansion,rule,none,30,30,30,0.2,0.0,0.0,0.0,0.0,30,0.0,0.0,0.0,30,0.005939999999999997,0.005709999999999996,0.006179999999999996,30,0.8440599999999941,0.8438099999999942,0.8442899999999941,30,0.022666666666666665,0.007333333333333333,0.04066666666666666,30,0.019832218657635774,0.018284035945301487,0.02166855553247539,30,0.91,0.7566666666666667,1.0799999999999998,6,,,,0
A_expansion,untrained,none,30,30,30,0.0,0.0,0.0,0.0,0.0,30,0.0,0.0,0.0,30,0.00858042311777516,0.008580057037874936,0.008580811324054338,30,0.841419576882225,0.841419205010991,0.8414199412556794,30,0.23845100975533326,0.23843578141741456,0.23846641424410045,30,0.32573415371007286,0.3067823807602205,0.34431549919512083,30,,,,0,,,,0
A_static,connectome,none,30,30,30,0.9666666666666667,0.06666666666666667,0.0,0.0,0.0,30,0.0,0.0,0.0,30,0.015356224503674765,0.01345963175593116,0.017246386848527157,30,0.8346437754963255,0.83280008186144,0.8364602544888662,30,0.8305692860581709,0.7085404539350558,0.9599418600254056,30,60.76056384344702,56.50115236950793,65.48256883158223,30,0.2717241379310345,0.17103448275862068,0.3889827586206896,29,,,,0
A_static,connectome,output_disconnect,30,30,30,0.0,0.0,0.0,0.0,0.0,30,0.0,0.0,0.0,30,0.0028799384056635135,0.0028442215180999697,0.0029172550691529907,30,0.8471200615943367,0.8470825655557664,0.847153804654072,30,0.0,0.0,0.0,30,96.524293247329,89.0154259070611,104.08810665182342,30,,,,0,,,,0
A_static,connectome,readout_clamp,30,30,30,0.0,0.0,0.0,0.0,0.0,30,0.0,0.0,0.0,30,0.0020000000000000005,0.0020000000000000005,0.0020000000000000005,30,0.8480000000000092,0.8480000000000092,0.8480000000000092,30,0.0,0.0,0.0,30,77.57226436666679,69.56849771688091,86.69251364009129,30,,,,0,,,,0
A_static,connectome,vision_off,30,30,30,0.0,0.0,0.0,0.0,0.0,30,0.0,0.0,0.0,30,0.0028799384056635135,0.0028442377093669834,0.002916712219012543,30,0.8471200615943367,0.8470813247998505,0.8471542634494434,30,0.0,0.0,0.0,30,73.30626208083898,65.38757871462634,82.5441907220976,30,,,,0,,,,0
A_static,feedforward-101,none,30,30,30,0.0,0.0,0.0,0.0,0.0,30,0.0,0.0,0.0,30,0.00801859015346567,0.008005608130057903,0.008031948188514758,30,0.8419814098465341,0.8419690905313476,0.8419942809814639,30,0.1405070031384627,0.1399853454249601,0.14104483881133295,30,0.10980865352515441,0.10324873276428359,0.11883921670887503,30,,,,0,,,,0
A_static,feedforward-202,none,30,30,30,0.0,0.0,0.0,0.0,0.0,30,0.0,0.0,0.0,30,0.00846664097031951,0.00846195940794858,0.008470970577268425,30,0.8415333590296808,0.8415289129856064,0.8415379952413689,30,0.15196929600834846,0.15180328801050785,0.1521276308833311,30,0.11125982898132254,0.11054340560876881,0.11207816952640617,30,,,,0,,,,0
A_static,feedforward-303,none,30,30,30,0.0,0.0,0.0,0.0,0.0,30,0.0,0.0,0.0,30,0.004393385984843597,0.004391250400189962,0.004395568950569645,30,0.8456066140151564,0.8456044967262661,0.8456088040971512,30,0.034462001375233135,0.034329024974411974,0.03458804944138974,30,0.12161966367663506,0.12059678896791107,0.12274139267998786,30,,,,0,,,,0
A_static,hybrid-101,none,30,30,30,1.0,0.0,0.0,0.0,0.0,30,0.0,0.0,0.0,30,0.020763573154886562,0.020594213043002286,0.020950876256171615,30,0.8292364268451133,0.8290600532233828,0.8294063543004123,30,0.9324064898093543,0.9208782764645914,0.9448416558419663,30,0.15504393264806518,0.1545243140855746,0.15561837580680732,30,0.568,0.43333333333333335,0.7066999999999998,30,,,,0
A_static,hybrid-101,reflex_off,30,30,30,0.0,0.0,0.0,0.0,0.0,30,0.0,0.0,0.0,30,0.01938231723136703,0.019301256279518952,0.01945813061387216,30,0.8306176827686328,0.8305424103010396,0.8307020318490248,30,0.839983675589164,0.8348962927773592,0.8444958495624363,30,0.11795998987508938,0.1172425231775075,0.1186872019529498,30,,,,0,,,,0
A_static,hybrid-202,none,30,30,30,1.0,0.16666666666666666,0.0,0.0,0.0,30,0.0,0.0,0.0,30,0.02607689563080668,0.025879342431017506,0.026284763016107177,30,0.8239231043691934,0.8237110150066687,0.8241252018462404,30,1.1508106602728367,1.1376364071503282,1.1655097562608618,30,0.3459713620056088,0.3162900899333181,0.3890624842296044,30,0.49799999999999994,0.36798333333333333,0.6266999999999997,30,,,,0
A_static,hybrid-202,reflex_off,30,30,30,0.0,0.0,0.0,0.0,0.0,30,0.0,0.0,0.0,30,0.02495493286364277,0.02491431865172412,0.024994412074287237,30,0.8250450671363574,0.8250046203772704,0.825085895752905,30,1.0756480179131032,1.0729846704033512,1.078139007161806,30,0.11762972632034992,0.11691134452000067,0.11837170664124035,30,,,,0,,,,0
A_static,hybrid-303,none,30,30,30,0.0,1.0,0.0,0.0,0.0,30,0.0,0.0,0.0,30,0.03639756692196926,0.03637077147136678,0.03642778445264798,30,0.8136024330780308,0.813572655524395,0.813629316737129,30,1.8513078702092172,1.8493145501683155,1.8536283686732253,30,0.23127949415356852,0.21883184860707844,0.24489490948981257,30,,,,0,,,,0
A_static,hybrid-303,reflex_off,30,30,30,0.0,1.0,0.0,0.0,0.0,30,0.0,0.0,0.0,30,0.03633245936375857,0.03632269115518381,0.03634257354287555,30,0.8136675406362414,0.8136583743267759,0.8136771801101624,30,1.8469561842878661,1.846430946015318,1.8474401652336119,30,0.11776961070912269,0.11710980861753342,0.11851862822683566,30,,,,0,,,,0
A_static,random,none,30,30,30,0.9666666666666667,0.43333333333333335,0.0,0.0,0.0,30,0.0,0.0,0.0,30,0.020743716957269738,0.020420908122885394,0.021095574401095298,30,0.8292562830427302,0.8288859183168044,0.8295836131684741,30,0.9822953728867707,0.9589427673376004,1.0072971185447228,30,0.01620765693951398,0.015604061651053295,0.016931278190895682,30,0.057241379310344835,0.03931034482758621,0.07793103448275863,29,,,,0
A_static,recurrent-101,none,30,30,30,0.0,0.0,0.0,0.0,0.0,30,0.0,0.0,0.0,30,0.0169272975594302,0.016915283409125355,0.016939620586881043,30,0.8330727024405696,0.8330597602553178,0.8330845812401283,30,0.8001230216721694,0.7995119136822721,0.8007785318737229,30,0.1420838740111018,0.13987678815004376,0.1444960283166438,30,,,,0,,,,0
A_static,recurrent-202,none,30,30,30,0.0,0.0,0.0,0.0,0.0,30,0.0,0.0,0.0,30,0.012587703168819348,0.012585094442009427,0.012590217485646656,30,0.8374122968311807,0.8374098601530447,0.8374148932030226,30,0.2976464498142402,0.297543170396487,0.297746723005424,30,0.13967102545818003,0.1383537364723452,0.141187324989005,30,,,,0,,,,0
A_static,recurrent-303,none,30,30,30,0.0,0.0,0.0,0.0,0.0,30,0.0,0.0,0.0,30,0.012521595819254716,0.012508889719493686,0.012533370307500659,30,0.837478404180745,0.8374663189985397,0.8374904941978613,30,0.2884538662234942,0.28780426324655617,0.2890830030749241,30,0.15346754254035963,0.14963967348036628,0.1578054366009989,30,,,,0,,,,0
A_static,rule,none,30,30,30,0.1,0.0,0.0,0.0,0.0,30,0.0,0.0,0.0,30,0.005749999999999996,0.0055999999999999965,0.005929999999999997,30,0.8442499999999941,0.8440699999999942,0.8443999999999942,30,0.01,0.0,0.022000000000000002,30,0.018205928975172963,0.017184868959157027,0.019257464124530086,30,1.5866666666666667,1.5,1.74,3,,,,0
A_static,untrained,none,30,30,30,0.0,0.0,0.0,0.0,0.0,30,0.0,0.0,0.0,30,0.008579871017564127,0.008579512325777682,0.00858017114321199,30,0.8414201289824356,0.8414198093286035,0.8414204900813104,30,0.23842188963790736,0.23841102093669278,0.23843188780633118,30,0.40237801580224186,0.3562713258446214,0.45667912152372686,30,,,,0,,,,0
A_translation,connectome,none,30,30,30,0.9666666666666667,0.06666666666666667,0.0,0.0,0.0,30,0.0,0.0,0.0,30,0.01765807105421306,0.01597269269687046,0.01938889387450403,30,0.8323419289457871,0.8306314222944817,0.8340122896319903,30,0.9836196919803216,0.8694600283991385,1.1065843081787798,30,60.867641092195605,56.15777071908427,67.14998745587108,30,0.1993103448275862,0.1296379310344828,0.2827586206896551,29,,,,0
A_translation,connectome,output_disconnect,30,30,30,0.0,0.0,0.0,0.0,0.0,30,0.0,0.0,0.0,30,0.0028799384056635135,0.0028441446910143367,0.0029166601803479824,30,0.8471200615943367,0.8470827198005757,0.8471561376309775,30,0.0,0.0,0.0,30,101.26661189839554,88.21244453849286,114.68316193991146,30,,,,0,,,,0
A_translation,connectome,readout_clamp,30,30,30,0.0,0.0,0.0,0.0,0.0,30,0.0,0.0,0.0,30,0.0020000000000000005,0.0020000000000000005,0.0020000000000000005,30,0.8480000000000092,0.8480000000000092,0.8480000000000092,30,0.0,0.0,0.0,30,63.44522732806703,62.733132664219255,64.15423031236182,30,,,,0,,,,0
A_translation,connectome,vision_off,30,30,30,0.0,0.0,0.0,0.0,0.0,30,0.0,0.0,0.0,30,0.0028799384056635135,0.0028440544030397426,0.0029182140707609923,30,0.8471200615943367,0.8470824974445181,0.8471555842618295,30,0.0,0.0,0.0,30,79.02966298379276,65.63094688324902,94.67604026887346,30,,,,0,,,,0
A_translation,feedforward-101,none,30,30,30,0.0,0.0,0.0,0.0,0.0,30,0.0,0.0,0.0,30,0.008027851442724464,0.008016798725495364,0.008038629332838705,30,0.8419721485572756,0.8419610656113115,0.8419836025276594,30,0.14084168232480684,0.14031821167369682,0.14131642984127007,30,0.10380868874684286,0.10304443641653052,0.10497045061104776,30,,,,0,,,,0
A_translation,feedforward-202,none,30,30,30,0.0,0.0,0.0,0.0,0.0,30,0.0,0.0,0.0,30,0.008471620015104613,0.008467774994186435,0.008475377287090446,30,0.8415283799848953,0.8415245218178709,0.8415322993156498,30,0.15214716619253163,0.15201026874134937,0.15228675989781815,30,0.11416401954678197,0.11214081095895381,0.11712985258321472,30,,,,0,,,,0
A_translation,feedforward-303,none,30,30,30,0.0,0.0,0.0,0.0,0.0,30,0.0,0.0,0.0,30,0.004394900322904189,0.004393038458019076,0.004396753938129047,30,0.845605099677096,0.8456033798951641,0.8456069754651103,30,0.03455067139615616,0.03444178373543546,0.03465434967987239,30,0.1204465235544679,0.11899477413632363,0.1220364224643466,30,,,,0,,,,0
A_translation,hybrid-101,none,30,30,30,1.0,0.0,0.0,0.0,0.0,30,0.0,0.0,0.0,30,0.02111750479032596,0.0209197673907357,0.021332985484787324,30,0.8288824952096738,0.8286767587419288,0.8290732109663423,30,0.9560140521526337,0.9424258319492144,0.9704127997760972,30,0.15666095768877616,0.15540304170450933,0.15813973175075566,30,0.386,0.2686666666666666,0.5033333333333333,30,,,,0
A_translation,hybrid-101,reflex_off,30,30,30,0.0,0.0,0.0,0.0,0.0,30,0.0,0.0,0.0,30,0.019408363775064545,0.01933294870187814,0.019478457783595228,30,0.8305916362249356,0.8305189290991724,0.8306668313470312,30,0.8416427744328977,0.8371903919530411,0.84600447126925,30,0.11803606481407769,0.11735066904948326,0.11890634262526872,30,,,,0,,,,0
A_translation,hybrid-202,none,30,30,30,0.7,0.16666666666666666,0.0,0.0,0.0,30,0.0,0.0,0.0,30,0.025570078872472052,0.025468210121788577,0.025680528124095256,30,0.8244299211275278,0.8243164623541892,0.8245366080104958,30,1.1168873570462068,1.1097880831457674,1.1241321248292921,30,0.3849264793874075,0.3639583562738456,0.40427978834632083,30,0.6304761904761905,0.4799761904761904,0.7885952380952381,21,,,,0
A_translation,hybrid-202,reflex_off,30,30,30,0.0,0.0,0.0,0.0,0.0,30,0.0,0.0,0.0,30,0.024976063045948745,0.024935614868160334,0.02501505228789945,30,0.8250239369540515,0.8249849831026292,0.825065102170673,30,1.0769886212646962,1.0746326074359318,1.0792739287147919,30,0.1178429273616833,0.11696749125427838,0.11878961833232703,30,,,,0,,,,0
A_translation,hybrid-303,none,30,30,30,0.0,1.0,0.0,0.0,0.0,30,0.0,0.0,0.0,30,0.036357625398218636,0.0363416357163017,0.03637566096809606,30,0.8136423746017816,0.8136250057056289,0.8136587842054367,30,1.8484356885155044,1.8471735568016767,1.849863523461918,30,0.21795921160567863,0.21361076608009172,0.22242862775407654,30,,,,0,,,,0
A_translation,hybrid-303,reflex_off,30,30,30,0.0,1.0,0.0,0.0,0.0,30,0.0,0.0,0.0,30,0.03633695888775588,0.03632815624999304,0.03634546394478133,30,0.8136630411122444,0.8136546527575611,0.81367156155845,30,1.8470530845522881,1.8465650145977737,1.847528243466715,30,0.11695654721309741,0.1161630151582358,0.11776301084343382,30,,,,0,,,,0
A_translation,random,none,30,30,30,0.9666666666666667,0.43333333333333335,0.0,0.0,0.0,30,0.0,0.0,0.0,30,0.020743716957269738,0.02041094831024395,0.021119425374096557,30,0.8292562830427302,0.8288712882914933,0.8295759261489096,30,0.9822953728867707,0.9593241692682063,1.0062526568328394,30,0.018150226979438838,0.017250583761779126,0.019066870150709292,30,0.057241379310344835,0.038620689655172416,0.07793103448275863,29,,,,0
A_translation,recurrent-101,none,30,30,30,0.0,0.0,0.0,0.0,0.0,30,0.0,0.0,0.0,30,0.01692924952058991,0.0169165679661423,0.016941912698418153,30,0.8330707504794098,0.8330581713978136,0.8330830873859104,30,0.8002062725524107,0.7995970358282329,0.8008480124259989,30,0.15227659192169085,0.14788809196737324,0.15772712802572642,30,,,,0,,,,0
A_translation,recurrent-202,none,30,30,30,0.0,0.0,0.0,0.0,0.0,30,0.0,0.0,0.0,30,0.012589230806241433,0.012586236128804837,0.012591871671269832,30,0.8374107691937586,0.8374078619522172,0.8374136262258095,30,0.2977064350744088,0.2975979208330314,0.2978164199324946,30,0.15361458102900846,0.1502295405640325,0.15737645899086297,30,,,,0,,,,0
A_translation,recurrent-303,none,30,30,30,0.0,0.0,0.0,0.0,0.0,30,0.0,0.0,0.0,30,0.012532704213897386,0.012520857383958249,0.012545132915569343,30,0.8374672957861026,0.837455747125938,0.8374796892895588,30,0.2890266601244608,0.2884177555717528,0.2896148561572035,30,0.1566735698337046,0.15158357515999038,0.16307225109655216,30,,,,0,,,,0
A_translation,rule,none,30,30,30,0.0,0.0,0.0,0.0,0.0,30,0.0,0.0,0.0,30,0.0055999999999999965,0.0055999999999999965,0.0055999999999999965,30,0.8443999999999942,0.8443999999999942,0.8443999999999942,30,0.0,0.0,0.0,30,0.015491682065961262,0.014797908761587071,0.016247354903316587,30,,,,0,,,,0
A_translation,untrained,none,30,30,30,0.0,0.0,0.0,0.0,0.0,30,0.0,0.0,0.0,30,0.00858025778975268,0.00858015136472051,0.008580364522287089,30,0.8414197422102476,0.8414196326861548,0.8414198486365755,30,0.23843170267343522,0.2384271639411648,0.2384365268904716,30,0.44324955470316735,0.417571808785821,0.47254785209709854,30,,,,0,,,,0
B_danger,connectome,none,30,30,30,,,0.027511355121711555,0.015515334575592428,0.04180741376157023,30,5.4,0.0,14.533333333333333,30,0.03964965785285437,0.038106159179259524,0.04105353072533676,30,0.8146393530413343,0.8077676370609832,0.821929048167157,30,2.1560387526888336,2.056852200481113,2.2560492398743044,30,46.69550641500003,42.491427957658885,51.12975790217242,30,,,,0,,,,0
B_danger,feedforward-101,chemical_off,30,30,30,,,0.06666666666666664,0.0,0.1666666666666666,30,0.0,0.0,0.0,30,0.019023009951436274,0.018332696359184632,0.019536252372185453,30,0.8191033151531462,0.7959597056982263,0.8435282908745717,30,0.3180501305523018,0.2940348649474481,0.33527435832967356,30,0.10214520133255671,0.10146441997591561,0.10290290904910458,30,,,,0,,,,0
B_danger,feedforward-101,none,30,30,30,,,0.13333333333333341,0.03333333333333333,0.2666666666666669,30,0.0,0.0,0.0,30,0.01628259332240177,0.015648714205933355,0.016824099827191807,30,0.8371976520796298,0.8109599755171595,0.8639719283069922,30,0.2841915395564089,0.25450640175072475,0.3072747375733995,30,0.10646488189231604,0.10504006095414903,0.10791540124395398,30,,,,0,,,,0
B_danger,feedforward-202,chemical_off,30,30,30,,,0.02851828831930954,0.0,0.08555486495792862,30,0.0,0.0,0.0,30,0.020715826112923517,0.02021217980183313,0.020984761512864995,30,0.7959766513800646,0.7699476705691105,0.8210385458241571,30,0.36517743555208043,0.3505830982940892,0.37326152491929626,30,0.10240600720668833,0.10187927557689061,0.10296777005239467,30,,,,0,,,,0
B_danger,feedforward-202,none,30,30,30,,,0.06666666666666668,0.0,0.1666666666666667,30,0.0,0.0,0.0,30,0.021144977005425218,0.020159843530209436,0.021819853313896187,30,0.8090183762789899,0.7810700501064344,0.8367702429138013,30,0.38083758418882885,0.3531751564604541,0.40026231559192144,30,0.11752542172325775,0.1169709917739965,0.11814118947377816,30,,,,0,,,,0
B_danger,feedforward-303,chemical_off,30,30,30,,,0.0,0.0,0.0,30,0.0,0.0,0.0,30,0.010906253340343636,0.010892623210745756,0.01091945676319739,30,0.7812270799929895,0.7441355249016108,0.8138638743010401,30,0.08130160030474266,0.08049502096048868,0.08212458100932028,30,0.10310442139549801,0.10240280002355576,0.10378693917349058,30,,,,0,,,,0
B_danger,feedforward-303,none,30,30,30,,,0.0,0.0,0.0,30,0.0,0.0,0.0,30,0.010825655864934749,0.010810245013492446,0.010839746460599268,30,0.7804743441350652,0.7431509903977704,0.8132077754275826,30,0.08540040889071923,0.08464552888348699,0.08610756621037921,30,0.1306497943509991,0.12589714463887502,0.13702108186659945,30,,,,0,,,,0
B_danger,hybrid-101,none,30,30,30,,,0.023261403604100152,0.0029302068323207404,0.04775328243191657,30,0.0,0.0,0.0,30,0.05438527289547523,0.052635102872875095,0.05581679330493212,30,0.7703454289065748,0.7528511268764226,0.7853465755159034,30,2.6034644705156484,2.5000820727294935,2.688522722459087,30,0.1704966195160523,0.16934320772386854,0.1716144613821719,30,,,,0,,,,0
B_danger,hybrid-202,none,30,30,30,,,0.016363778280404705,0.007916105250859012,0.026736827718156053,30,0.0,0.0,0.0,30,0.061006981657152216,0.05684374207497034,0.06483799579650958,30,0.7740082408163838,0.7645198621309923,0.7821171600615121,30,2.682658494542974,2.454739949703516,2.8753041373597,30,0.49722711156743266,0.4764452987657084,0.5190675789778469,30,,,,0,,,,0
B_danger,hybrid-303,none,30,30,30,,,0.06506026103099187,0.02912824578074118,0.10343454676556084,30,0.0,0.0,0.0,30,0.09093608631308873,0.09006592559645375,0.09173067628560365,30,0.7628273775357409,0.7517332375879429,0.774131768096002,30,4.652528232653936,4.601395332718889,4.697598074661692,30,0.33588896490400655,0.3127881587201652,0.3616224489041876,30,,,,0,,,,0
B_danger,random,none,30,30,30,,,0.027356524633798687,0.019921929378318846,0.034688401172370605,30,69.03333333333333,42.965,95.96666666666667,30,0.05246364317650151,0.05192236381079256,0.05302517390962552,30,0.7993146191403978,0.7912040684992686,0.8068672596909616,30,2.4958311721245194,2.460475206143637,2.5301409307744245,30,0.01601596607360989,0.015227584610790169,0.017030734819709323,30,,,,0,,,,0
B_danger,recurrent-101,none,30,30,30,,,0.07451559246331452,0.015643012579530473,0.13614271423235377,30,0.0,0.0,0.0,30,0.03296751480561619,0.029868005098758248,0.03576669328196764,30,0.8008569480927078,0.7846327125442616,0.8126581662874921,30,1.4103892613053324,1.21124430840121,1.563146944365386,30,0.15520707848481835,0.14881047427790084,0.16234808959571334,30,,,,0,,,,0
B_danger,recurrent-202,none,30,30,30,,,0.05554812605679033,7.143677771091461e-05,0.12282573485871152,30,0.0,0.0,0.0,30,0.030079333505347368,0.029298507636355112,0.030712559640845412,30,0.8085280628563812,0.7885987207561679,0.8280109150590504,30,0.7165270173798003,0.6966842138373601,0.7323874740251649,30,0.16332404039567336,0.15054956384313603,0.1782582676081802,30,,,,0,,,,0
B_danger,recurrent-303,none,30,30,30,,,0.2814068907176454,0.14152229902651156,0.42996104740214836,30,0.0,0.0,0.0,30,0.01966478948757529,0.01828375168167781,0.02103284724712083,30,0.8625881739177692,0.8321135781983235,0.8923525657887481,30,0.35033654276033244,0.30591191361909736,0.39379703840576114,30,0.15227667196886613,0.14815866656058158,0.1572770379007367,30,,,,0,,,,0
B_danger,rule,none,30,30,30,,,0.1336666666666667,0.1049979166666667,0.16133333333333338,30,0.0,0.0,0.0,30,0.015938943981147688,0.015304680446517645,0.01656883810302042,30,0.8826277226855177,0.8661798234359417,0.8982491590988563,30,0.12066666666666667,0.07798333333333334,0.16266666666666663,30,0.014577136766941596,0.014184827148468079,0.015018890757055486,30,,,,0,,,,0
B_danger,untrained,none,30,30,30,,,0.047304182998836035,0.03214469282844414,0.06125552617715049,30,0.0,0.0,0.0,30,0.02144858755658455,0.021448087737444034,0.02144914041706918,30,0.8250368372761664,0.8110273057982129,0.8383981250980835,30,0.5960664019187292,0.596050619046266,0.5960820540759713,30,0.3445049726792301,0.3131647416752336,0.37582470273928864,30,,,,0,,,,0
B_food,connectome,none,30,30,30,,,0.29685435591874293,0.17425846679274323,0.4321477440343518,30,0.0,0.0,0.0,30,0.007267569852613693,0.00720498318122401,0.007336528086416238,30,0.9109288872216703,0.884625060660372,0.9389819706691016,30,0.0,0.0,0.0,30,53.75139578339682,51.2612159748422,56.3368691049604,30,,,,0,,,,0
B_food,connectome,tonic_off,30,30,30,,,0.0,0.0,0.0,30,0.0,0.0,0.0,30,0.005000000000000002,0.005000000000000002,0.005000000000000002,30,0.845000000000023,0.845000000000023,0.845000000000023,30,0.0,0.0,0.0,30,44.05582791824515,42.67523011788435,45.673050753172134,30,,,,0,,,,0
B_food,feedforward-101,chemical_off,30,30,30,,,0.06666666666666711,0.0,0.1666666666666678,30,0.0,0.0,0.0,30,0.020002992978684606,0.01924193323364233,0.020510342141985893,30,0.8406846415462287,0.8294896578580132,0.8574798130136968,30,0.35106201488152156,0.32529601891463006,0.3682383406162263,30,0.10010126669270297,0.09956245715070206,0.10070012940016265,30,,,,0,,,,0
B_food,feedforward-101,none,30,30,30,,,0.30958231359720223,0.17212513107396663,0.4638789858410754,30,0.0,0.0,0.0,30,0.01583222839751778,0.01511628438733552,0.016508383433758995,30,0.8990769993582639,0.871336965109617,0.9270102070778372,30,0.25804838911878564,0.2239387832149863,0.28926543198134747,30,0.09976951325855528,0.0994214608760861,0.10014382742878904,30,,,,0,,,,0
B_food,feedforward-202,chemical_off,30,30,30,,,0.057721996918320945,0.0,0.14766075258453762,30,0.0,0.0,0.0,30,0.020767690911615268,0.019962767081364366,0.021326025554537772,30,0.8400957094824316,0.8286739744454624,0.8572283120378853,30,0.3706542856103431,0.34720774781703956,0.3856991487741471,30,0.10063059221332273,0.09998323238939823,0.10134683503827545,30,,,,0,,,,0
B_food,feedforward-202,none,30,30,30,,,0.06666666666666668,0.0,0.1666666666666667,30,0.0,0.0,0.0,30,0.02131941966148121,0.02023935378609544,0.022055059915151554,30,0.8393829467693492,0.8279460417939696,0.8565163159914357,30,0.3908635219469046,0.3601768266101057,0.41159076927304267,30,0.11455521672808876,0.11381782150516907,0.11538608319562628,30,,,,0,,,,0
B_food,feedforward-303,chemical_off,30,30,30,,,0.0,0.0,0.0,30,0.0,0.0,0.0,30,0.01104182208690792,0.01104182208690792,0.01104182208690792,30,0.8389581779130916,0.8389581779130916,0.8389581779130916,30,0.08961722571402791,0.08961722571402791,0.08961722571402791,30,0.10124845896692326,0.10041708847954092,0.10239363607290822,30,,,,0,,,,0
B_food,feedforward-303,none,30,30,30,,,0.0,0.0,0.0,30,0.0,0.0,0.0,30,0.010952125114365172,0.010948470138590566,0.010956014927290722,30,0.8390478748856347,0.8390439680638091,0.8390516772408825,30,0.09466012485449513,0.09444540503338603,0.09488975340897837,30,0.12886483781427766,0.12433807968520948,0.13515902478606828,30,,,,0,,,,0
B_food,hybrid-101,none,30,30,30,,,0.08138810863470035,0.031765272676075505,0.14066124092719204,30,0.0,0.0,0.0,30,0.04533535244392107,0.04053099192883652,0.049609952558629836,30,0.8397183759524898,0.8156992402439297,0.8681944337968163,30,2.029380702537795,1.7444068645235153,2.2794041812688732,30,0.1604161273067196,0.15915959142235805,0.16162559149680114,30,,,,0,,,,0
B_food,hybrid-202,none,30,30,30,,,0.1661080809682608,0.07734540421031419,0.2615731490919988,30,0.0,0.0,0.0,30,0.021276709141035622,0.01620704511553091,0.0267353041353991,30,0.8778024262334119,0.8504998965437466,0.9046213598542375,30,0.4480452510046694,0.19243637151843973,0.7582643554850745,30,0.5011605047193977,0.47332821050348384,0.533721940186903,30,,,,0,,,,0
B_food,hybrid-303,none,30,30,30,,,0.07229616591831048,0.03731747606843711,0.11308210450323916,30,0.0,0.0,0.0,30,0.08998697918490568,0.0887713113443459,0.09116894922082673,30,0.7961611037742495,0.7758583899988845,0.818667190591998,30,4.5824205095370605,4.509172881830732,4.65055900755773,30,0.38118950723049544,0.33185200520412766,0.44031962427339744,30,,,,0,,,,0
B_food,random,none,30,30,30,,,0.02723350351471596,0.019652947977031987,0.03478400019303889,30,71.26666666666667,46.26583333333333,97.0675,30,0.05246364317650151,0.05195860807071481,0.053017461721811945,30,0.8111531085808564,0.8075006258001334,0.8147156744243007,30,2.4958311721245194,2.460874461763665,2.533189280517143,30,0.015728132609122744,0.015075524331477937,0.016476506770704873,30,,,,0,,,,0
B_food,recurrent-101,none,30,30,30,,,0.0849721908438951,0.029360335417091835,0.14941633904069504,30,0.0,0.0,0.0,30,0.032544503717703434,0.02946038714771762,0.03520938177273278,30,0.8500286868559694,0.8255383377813114,0.880273424785376,30,1.3818630120313415,1.2009754567592872,1.548787188478373,30,0.14241949626399825,0.13872307935652012,0.14768136289591588,30,,,,0,,,,0
B_food,recurrent-202,none,30,30,30,,,0.07511221837997437,0.010005955184499423,0.15080834414338065,30,0.0,0.0,0.0,30,0.03013235751657188,0.029232641313850758,0.030857222702188044,30,0.8422067927464146,0.8241165225236571,0.865599308904751,30,0.719884596432249,0.6944721901226789,0.7391838353219132,30,0.1404514638823457,0.1372156026905092,0.14393602864884694,30,,,,0,,,,0
B_food,recurrent-303,none,30,30,30,,,0.4752328076114256,0.33258369876556093,0.616894063958153,30,0.0,0.0,0.0,30,0.017680412541042783,0.016514416686892252,0.018897825813838375,30,0.9371924500550962,0.9083441500250095,0.9632768592279712,30,0.3111134809659173,0.2693748118367512,0.3536220538840164,30,0.15474051845570405,0.1501145443531762,0.16003750138401907,30,,,,0,,,,0
B_food,rule,none,30,30,30,,,0.15533333333333343,0.12616666666666676,0.18200208333333343,30,0.0,0.0,0.0,30,0.014135575840973228,0.01410314542348535,0.014167671227349429,30,0.9135310908256918,0.8985861980920792,0.9268905644069431,30,0.0,0.0,0.0,30,0.01898144424970572,0.017858351344863573,0.020156978578209722,30,,,,0,,,,0
B_food,untrained,none,30,30,30,,,0.046715865015983585,0.031598770020653796,0.06128966202915956,30,0.0,0.0,0.0,30,0.021448428560830443,0.021448044303959996,0.02144881705825242,30,0.8519095039471615,0.8445603652949323,0.859237105953355,30,0.5960494515498481,0.5960364668315898,0.5960618998294075,30,0.48408861717907714,0.44076844807685117,0.5317904614531046,30,,,,0,,,,0
C_occlusion,connectome,none,30,30,30,,,0.0,0.0,0.0,30,268.2,175.72833333333332,365.93666666666667,30,0.05782593023576487,0.051871150736361143,0.06383508704034054,30,0.792174069764235,0.7861943326115769,0.7986770842937485,30,3.2693784603120872,2.85424649426225,3.6724545434025697,30,39.62191140726564,38.58207013848183,40.905721874923465,30,,,,0,,,,0
C_occlusion,feedforward-101,chemical_off,30,30,30,,,0.0,0.0,0.0,30,0.0,0.0,0.0,30,0.023632356097524367,0.023596205901005873,0.023671404598501262,30,0.8263676439024753,0.826332622362688,0.8264033543937657,30,0.4097285722543796,0.4090238573589052,0.4103845273957899,30,0.1017751648743999,0.10130234823195172,0.10233908759271595,30,,,,0,,,,0
C_occlusion,feedforward-101,none,30,30,30,,,0.0,0.0,0.0,30,0.0,0.0,0.0,30,0.02360461348954092,0.023545814034742683,0.02365782064336817,30,0.8263953865104586,0.8263439147172663,0.8264566153020861,30,0.4094838620598118,0.4086586423346152,0.41030756013114006,30,0.10580523404577334,0.10509662066235453,0.1064766008251657,30,,,,0,,,,0
C_occlusion,feedforward-202,chemical_off,30,30,30,,,0.0,0.0,0.0,30,0.0,0.0,0.0,30,0.02519796992977957,0.025182393892983098,0.02521424389713394,30,0.8248020300702202,0.8247867846574183,0.8248179174652359,30,0.44900911207497124,0.4484749396524083,0.44956887565714615,30,0.10180212732262182,0.1013909103069131,0.1022713194000567,30,,,,0,,,,0
C_occlusion,feedforward-202,none,30,30,30,,,0.0,0.0,0.0,30,0.0,0.0,0.0,30,0.02519796992977957,0.025181851099395625,0.025213868252991756,30,0.8248020300702202,0.8247861453194489,0.8248172258697691,30,0.44900911207497124,0.44846347315820556,0.4495240103924026,30,0.12187350530035067,0.12070384495681435,0.12322031620553589,30,,,,0,,,,0
C_occlusion,feedforward-303,chemical_off,30,30,30,,,0.0,0.0,0.0,30,0.0,0.0,0.0,30,0.013037743942651277,0.013028566662613258,0.013047568601203447,30,0.8369622560573486,0.8369532555002764,0.8369715451018164,30,0.09399131485509378,0.09335155545277524,0.09459055230746358,30,0.103851710029024,0.10288788390114659,0.10512299983949763,30,,,,0,,,,0
C_occlusion,feedforward-303,none,30,30,30,,,0.0,0.0,0.0,30,0.0,0.0,0.0,30,0.013037743942651277,0.013028521876930706,0.013047037616943756,30,0.8369622560573486,0.8369529048425676,0.8369721156348303,30,0.09399131485509378,0.09337501502245045,0.0946146929704895,30,0.12832708884444502,0.1248795470846138,0.1327391340329389,30,,,,0,,,,0
C_occlusion,hybrid-101,memory_reset,30,30,30,,,0.0,0.0,0.0,30,0.0,0.0,0.0,30,0.039294803436328955,0.03843961137657041,0.040149950188839933,30,0.8107051965636708,0.809833528255644,0.8115775205153103,30,1.4616646845241386,1.4050042985886335,1.5235850970799723,30,0.16464255694558638,0.1624251164483819,0.16761194951937392,30,,,,0,,,,0
C_occlusion,hybrid-101,none,30,30,30,,,0.0,0.0,0.0,30,0.0,0.0,0.0,30,0.06677603542982041,0.06663534243814014,0.06691297921209471,30,0.7832239645701801,0.7830908101459136,0.7833634731947052,30,3.1626155997316046,3.14694845592628,3.1775071892405546,30,0.22809852950417228,0.20748050796432332,0.2523532067442526,30,,,,0,,,,0
C_occlusion,hybrid-202,memory_reset,30,30,30,,,0.0,0.0,0.0,30,0.0,0.0,0.0,30,0.05121970537436505,0.050654221411748475,0.05178349504301015,30,0.7987802946256349,0.7982226517228787,0.7993811331717551,30,2.046902269363404,2.0018555527036384,2.0886076422249276,30,0.16238265622976342,0.16156049716591953,0.1633085839189233,30,,,,0,,,,0
C_occlusion,hybrid-202,none,30,30,30,,,0.0,0.0,0.0,30,0.0,0.0,0.0,30,0.08286674288217227,0.082733483329696,0.0830049711424286,30,0.7671332571178275,0.7670068086694117,0.7672699989265486,30,3.7857283524175482,3.7714682904663186,3.7988718819764746,30,0.512852363805804,0.4670293829380373,0.5632696011501442,30,,,,0,,,,0
C_occlusion,hybrid-303,memory_reset,30,30,30,,,0.0,0.0,0.0,30,0.8,0.0,2.066666666666667,30,0.07495260111988088,0.07460964890865694,0.07528438713209083,30,0.775047398880119,0.7747041636031805,0.7753978784058886,30,3.524438067773978,3.4967763195599124,3.551834258352716,30,0.17688811707517343,0.16528749608680504,0.19757455151371286,30,,,,0,,,,0
C_occlusion,hybrid-303,none,30,30,30,,,0.0,0.0,0.0,30,2.7333333333333334,0.5,5.53499999999999,30,0.1095573593065242,0.10928004790346597,0.1097924918624431,30,0.7404426406934758,0.7402061436135026,0.7407256353041084,30,5.641767404735088,5.638769699330627,5.6448524632111186,30,0.26853407504192245,0.2485101285179553,0.2925410523664646,30,,,,0,,,,0
C_occlusion,random,none,30,30,30,,,0.0,0.0,0.0,30,312.7,241.79666666666668,385.63999999999993,30,0.06305604389622878,0.06245950829198993,0.06369630930865225,30,0.7869439561037712,0.7863791540608672,0.7875759765236784,30,3.001269800479376,2.960192436536808,3.042857328975515,30,0.020077243728640802,0.018720597598439782,0.02155596715035952,30,,,,0,,,,0
C_occlusion,recurrent-101,memory_reset,30,30,30,,,0.0,0.0,0.0,30,2.9,0.9991666666666668,5.133333333333334,30,0.031676926254938044,0.03161754766129752,0.03173604079450741,30,0.8183230737450622,0.8182645653625203,0.8183847710854963,30,1.010583347916603,1.0065288749990364,1.0143010872952638,30,0.11553009969065896,0.11483582886212389,0.11629551542840394,30,,,,0,,,,0
C_occlusion,recurrent-101,none,30,30,30,,,0.0,0.0,0.0,30,0.0,0.0,0.0,30,0.05141388610707223,0.051308536020507785,0.051511570310794064,30,0.798586113892928,0.7984882490903058,0.7986916880877302,30,2.4878323270281157,2.4821452682197096,2.4931415650817255,30,0.15212257664663614,0.147932889466271,0.15645453547800164,30,,,,0,,,,0
C_occlusion,recurrent-202,memory_reset,30,30,30,,,0.0,0.0,0.0,30,13.166666666666666,6.566666666666666,19.634166666666662,30,0.03117799407490095,0.0311155169961727,0.0312387887368232,30,0.8188220059250992,0.8187617814657953,0.8188843077456901,30,0.7647465644677479,0.7636122360544901,0.7658428776803116,30,0.11653105820813733,0.11570441380544148,0.11748998018317958,30,,,,0,,,,0
C_occlusion,recurrent-202,none,30,30,30,,,0.0,0.0,0.0,30,0.0,0.0,0.0,30,0.038113301555415,0.0380927830100576,0.03813260955728193,30,0.8118866984445852,0.8118679641773259,0.8119073860557772,30,0.9034470946987471,0.9026204989793399,0.9042523834538958,30,0.1855366028547805,0.17084935893532627,0.20282080319221774,30,,,,0,,,,0
C_occlusion,recurrent-303,memory_reset,30,30,30,,,0.0,0.0,0.0,30,0.0,0.0,0.0,30,0.03104030419230958,0.03075756914005392,0.03133677019149996,30,0.8189596958076905,0.8186565475112849,0.8192563047328284,30,0.7010274274100861,0.6879733056039862,0.7130817915116747,30,0.11634857140274511,0.11570847774039268,0.1171562089682589,30,,,,0,,,,0
C_occlusion,recurrent-303,none,30,30,30,,,0.0,0.0,0.0,30,0.0,0.0,0.0,30,0.03607856184209387,0.03549716453639232,0.036674735759350534,30,0.8139214381579057,0.8133254501803681,0.8145110053308985,30,0.794804214944442,0.7716074112229049,0.8191991588244836,30,0.15249920757681443,0.1484640277834842,0.1570701532414306,30,,,,0,,,,0
C_occlusion,rule,none,30,30,30,,,0.0,0.0,0.0,30,36.36666666666667,0.0,91.26666666666667,30,0.0201796847971018,0.019128572108043498,0.02135117039504903,30,0.829820315202896,0.8286852467987468,0.8309738659293644,30,0.19666666666666668,0.12000000000000001,0.26999999999999996,30,0.0147134369213341,0.014145203748921632,0.015335310893391981,30,,,,0,,,,0
C_occlusion,untrained,none,30,30,30,,,0.0,0.0,0.0,30,244.8,156.1325,336.0258333333321,30,0.02574084960087095,0.025739687842885176,0.02574220294889649,30,0.8242591503991289,0.8242578448383631,0.8242602556194139,30,0.7152854067683221,0.7152206049006433,0.7153472749032079,30,0.24558332004623176,0.23754138641145095,0.25501228087911537,30,,,,0,,,,0
C_relocation,connectome,none,30,30,30,,,0.057922543797786816,0.021693325712228092,0.10134722986493255,30,0.0,0.0,0.0,30,0.008733993262986212,0.008657743156299556,0.008814000179622134,30,0.8662580206609022,0.8516549979114859,0.8833617114555402,30,0.0,0.0,0.0,30,38.2182000309436,37.428090204703935,39.09669353983667,30,,,,0,1.1600000000000001,0.04,2.2800000000000002,2
C_relocation,connectome,tonic_off,30,30,30,,,0.03333333333333332,0.0,0.09999999999999996,30,0.0,0.0,0.0,30,0.006000000000000002,0.006000000000000002,0.006000000000000002,30,0.8491846666666928,0.8440000000000271,0.8595540000000246,30,0.0,0.0,0.0,30,48.09508340674802,45.25228464001768,51.02105943572185,30,,,,0,0.04,0.04,0.04,1
C_relocation,feedforward-101,chemical_off,30,30,30,,,0.1015246314704424,0.02569509864846882,0.20191323899179822,30,0.0,0.0,0.0,30,0.02383185840492261,0.02307382699063844,0.02442139351898804,30,0.8527052546654189,0.83120294674236,0.8769452694777435,30,0.415356800104802,0.39034904113101476,0.43542223777746175,30,0.10170671543649706,0.10083472583767919,0.10267710901082158,30,,,,0,0.35333333333333333,0.02,0.96,3
C_relocation,feedforward-101,none,30,30,30,,,0.15521792765458414,0.057252013759439196,0.26445493920979385,30,0.0,0.0,0.0,30,0.020396773849603412,0.01977440145210332,0.02098833635296371,30,0.8734580763909453,0.8490811418938858,0.8996613448591764,30,0.36036640429434674,0.3344295568035451,0.3840899277102668,30,0.10272251689457335,0.10238782953286621,0.10313284733314908,30,,,,0,0.24,0.02,0.44,3
C_relocation,feedforward-202,chemical_off,30,30,30,,,0.10285029276212114,0.010637931928038599,0.2215156693377855,30,0.0,0.0,0.0,30,0.024591057093597945,0.023625024605001616,0.02548066513141554,30,0.8460711527824782,0.829828682894883,0.8678374407342317,30,0.4358932970911263,0.40401583589599455,0.45985509629982196,30,0.10065249428993815,0.10020736816400636,0.10108915814845305,30,,,,0,0.43333333333333335,0.02,0.7200000000000001,3
C_relocation,feedforward-202,none,30,30,30,,,0.10806284009416894,0.019730221937100088,0.2161463563722867,30,0.0,0.0,0.0,30,0.02538841264349639,0.02425712214589639,0.02633132700429765,30,0.850995383728352,0.8293040678085918,0.8741488841183004,30,0.4618192249556693,0.4290740867745869,0.48889995575485135,30,0.1164896279030169,0.11577434546820264,0.11723267901373521,30,,,,0,0.5333333333333333,0.02,0.86,3
C_relocation,feedforward-303,chemical_off,30,30,30,,,0.03333333333333328,0.0,0.09999999999999983,30,0.0,0.0,0.0,30,0.013226639705998976,0.01317855846018577,0.013250680328905582,30,0.8421582249998135,0.8367493196710938,0.852976035657253,30,0.10544246828850981,0.1011977456151508,0.10756482962518933,30,0.10301803358015604,0.10167153483360179,0.10465423800406926,30,,,,0,0.02,0.02,0.02,1
C_relocation,feedforward-303,none,30,30,30,,,0.0629679529468219,0.0,0.15557052550713235,30,0.0,0.0,0.0,30,0.013118856949874044,0.013065178420616483,0.013155732001816762,30,0.8476903859921456,0.836844594870133,0.8639708981134815,30,0.1084692024878847,0.10210130029396385,0.11276618409659714,30,0.10976945409654744,0.10616771326895107,0.1131966041653262,30,,,,0,0.47000000000000003,0.02,0.92,2
C_relocation,hybrid-101,memory_reset,30,30,30,,,0.09045723089327413,0.03277203700641792,0.16286924031966665,30,0.0,0.0,0.0,30,0.03540373795186107,0.03395563493010275,0.03654048012044986,30,0.848951589170925,0.8284240832872227,0.8738478942664515,30,1.163005895509074,1.1002537771527963,1.2157146999199253,30,0.16028300172830418,0.15908683238190457,0.1615885503373445,30,,,,0,0.11333333333333334,0.02,0.3,3
C_relocation,hybrid-101,none,30,30,30,,,0.06534514530748133,0.019263298809031652,0.11953725669005272,30,0.0,0.0,0.0,30,0.05551414083141585,0.051012287935403605,0.05980641536840282,30,0.8228263306060555,0.8019806699660166,0.8486805734354267,30,2.505783886993924,2.228173909632551,2.754552059305521,30,0.28023955669616246,0.25893978157174485,0.3052123669808983,30,,,,0,0.5800000000000001,0.20500000000000002,0.815,4
C_relocation,hybrid-202,memory_reset,30,30,30,,,0.19545634808142986,0.105350563045529,0.29512935909368104,30,0.0,0.0,0.0,30,0.03125625992349908,0.029373912661292544,0.03286869555850622,30,0.885475355574108,0.8578416836142986,0.9142129358554298,30,0.8205055549703538,0.7465046504483093,0.889972206590542,30,0.16050770414747403,0.1594511752727461,0.16157400989436105,30,,,,0,0.45999999999999996,0.052000000000000005,1.02,5
C_relocation,hybrid-202,none,30,30,30,,,0.08966163230439024,0.043095953436413134,0.14966195213180022,30,0.0,0.0,0.0,30,0.0329010966945882,0.027105669375935684,0.038606843639878076,30,0.8563085044131653,0.8334763452346388,0.8806018667517996,30,0.8833009180508863,0.575847564063423,1.1956414973064171,30,0.2667552134500713,0.25253524407105743,0.281431611624915,30,,,,0,0.16,0.16,0.16,1
C_relocation,hybrid-303,memory_reset,30,30,30,,,0.1192498093098402,0.0695192274738103,0.17419240017794066,30,0.0,0.0,0.0,30,0.06836265511068704,0.06702911053818737,0.06961263574295293,30,0.8394640622078975,0.8138850017001693,0.8673020052170132,30,3.078550926317772,3.001532954424868,3.1494060970438023,30,0.17354117281502113,0.16417937974579722,0.18763745049509453,30,,,,0,0.74,0.5225,0.9474999999999999,8
C_relocation,hybrid-303,none,30,30,30,,,0.06972539133330186,0.04338046218541761,0.09818427735070387,30,0.0,0.0,0.0,30,0.10859949101616938,0.10776082481489083,0.10942481213908394,30,0.7762632046504817,0.7622534054809909,0.7907032085889723,30,5.534423508743445,5.484908333092429,5.579521829538048,30,0.21998007508874354,0.21453608225064172,0.2268360426815181,30,,,,0,0.6377777777777778,0.42000000000000004,0.8333333333333334,9
C_relocation,random,none,30,30,30,,,0.02723350351471596,0.019390413585400224,0.03438761626048059,30,161.73333333333332,132.73166666666665,190.77249999999998,30,0.06305604389622878,0.062465548172143726,0.06365765794195646,30,0.800560707861129,0.796762905284794,0.8042334281483292,30,3.001269800479376,2.960977255353667,3.0434586625427515,30,0.021609252836141325,0.01922007997766034,0.024159498458175225,30,,,,0,,,,0
C_relocation,recurrent-101,memory_reset,30,30,30,,,0.13169351687530675,0.05666856620265171,0.22258039371936264,30,0.0,0.0,0.0,30,0.031153185317265488,0.029467800710815843,0.032635552862549856,30,0.8636356428427358,0.8395054867020632,0.8903994986490135,30,1.0005780149077377,0.920734758638808,1.06670505221334,30,0.113924511456086,0.11313506525491702,0.11479396155336871,30,,,,0,0.46499999999999997,0.15500000000000003,0.77,4
C_relocation,recurrent-101,none,30,30,30,,,0.08135031788175305,0.036307349090386805,0.13369111720910298,30,0.0,0.0,0.0,30,0.03954410897824758,0.036897860762146475,0.042167579822118995,30,0.8482881275519621,0.825400281167742,0.8753660362487602,30,1.7059184481153886,1.5400107632512074,1.8537994529739021,30,0.1655525284974525,0.15866398415900118,0.17311169319315617,30,,,,0,0.535,0.23,0.865,4
C_relocation,recurrent-202,memory_reset,30,30,30,,,0.09657248740394908,0.02978992439309756,0.178915065773328,30,0.0,0.0,0.0,30,0.0316753634596318,0.030970541691060366,0.03226108986343766,30,0.849611911290695,0.829410422706364,0.8733337650351946,30,0.7676944083770115,0.7486004151837281,0.782824909559513,30,0.11370321437910509,0.11311197595722557,0.1144106759431856,30,,,,0,0.5199999999999999,0.09200000000000001,1.16,5
C_relocation,recurrent-202,none,30,30,30,,,0.08262143801649414,0.013681766142447788,0.16970674787461762,30,0.0,0.0,0.0,30,0.03610594744234283,0.035227037338106705,0.03691195520203896,30,0.8382072131196361,0.8200517267895451,0.8598046405225073,30,0.8625829242368539,0.836553828823318,0.8837384673283746,30,0.21237277371175073,0.19036091955834614,0.24174130982274716,30,,,,0,0.56,0.02,0.92,3
C_relocation,recurrent-303,memory_reset,30,30,30,,,0.19638167657703168,0.11172785515940441,0.2933129484796895,30,0.0,0.0,0.0,30,0.025725145541079342,0.024771829652859397,0.02672523516178153,30,0.8953629105550188,0.8675159875719873,0.9244758106608393,30,0.5378650390431285,0.5055398270029575,0.5685538801371741,30,0.11407286047081772,0.1134234218795124,0.11479691124517961,30,,,,0,0.5640000000000001,0.2,0.9800000000000001,5
C_relocation,recurrent-303,none,30,30,30,,,0.256224008957545,0.17270059632112583,0.3469957519680262,30,0.0,0.0,0.0,30,0.022814682338997295,0.02159797644865302,0.024058489328292878,30,0.9232035315196,0.8967751325399286,0.9475001563974806,30,0.3869821564611048,0.3442081614894793,0.43434783194982446,30,0.1758737031583829,0.16188782220059594,0.19401368719174775,30,,,,0,1.55,0.8333333333333334,2.1300000000000003,6
C_relocation,rule,none,30,30,30,,,0.1291666666666667,0.09390000000000004,0.16500000000000006,30,0.0,0.0,0.0,30,0.017065680011024834,0.017025626783466433,0.017105009127358035,30,0.8972241145521711,0.8793108161684036,0.914608660711982,30,0.0,0.0,0.0,30,0.014303114067944179,0.013832995121144146,0.014826478899986893,30,,,,0,0.39999999999999997,0.08,0.72,2
C_relocation,untrained,none,30,30,30,,,0.04767347581436235,0.031807918642958004,0.06349639359439412,30,0.0,0.0,0.0,30,0.025739565767824983,0.025739036293819503,0.025740138876958283,30,0.848097172139356,0.8404779634580748,0.8557788731161697,30,0.7152600684066613,0.715244473732511,0.7152738453826557,30,0.2798143152742543,0.2628765105796143,0.29884414173761287,30,,,,0,0.19,0.02,0.36,2
C_unseen,connectome,none,30,30,30,,,0.003898822460869619,0.0,0.009419201107477893,30,374.3333333333333,289.06416666666667,453.8416666666666,30,0.0664500817784678,0.06114686029534736,0.07154160343660305,30,0.7854993294519671,0.7795157501737232,0.7916466211314312,30,3.842930953358857,3.4892794439385706,4.194630198155816,30,40.07306175983912,39.45782773078213,40.75022354420264,30,,,,0,,,,0
C_unseen,feedforward-101,chemical_off,30,30,30,,,0.0,0.0,0.0,30,0.0,0.0,0.0,30,0.02178738782799741,0.021680247998740094,0.02189475578266643,30,0.8282126121720027,0.8281004954113077,0.8283233939112591,30,0.338880402987202,0.33388098946573824,0.34404962466210126,30,0.10314223209085566,0.10271022193418403,0.1036111623051208,30,,,,0,,,,0
C_unseen,feedforward-101,none,30,30,30,,,0.0,0.0,0.0,30,0.0,0.0,0.0,30,0.020140481784075383,0.019882293765924278,0.020374465056055092,30,0.8298595182159245,0.8296185126244832,0.830101572413867,30,0.33094557535648345,0.3217987484620263,0.3412682411541543,30,0.11211587639021066,0.11091778384612148,0.1132421022690121,30,,,,0,,,,0
C_unseen,feedforward-202,chemical_off,30,30,30,,,0.0,0.0,0.0,30,0.0,0.0,0.0,30,0.024753649141843123,0.024737251046877358,0.024770749732194838,30,0.825246350858157,0.8252301732177607,0.825261884219119,30,0.43354276649653917,0.43299986622246606,0.4341035067872454,30,0.1042243180596011,0.10353416476346967,0.10491871563701555,30,,,,0,,,,0
C_unseen,feedforward-202,none,30,30,30,,,0.0,0.0,0.0,30,0.0,0.0,0.0,30,0.025087109145556893,0.025042871597697334,0.025123684210626662,30,0.8249128908544431,0.82487499318278,0.8249564613330357,30,0.44337078162531063,0.44206415198917187,0.4446063737157733,30,0.12320630601930639,0.12267987069232429,0.12378349705371271,30,,,,0,,,,0
C_unseen,feedforward-303,chemical_off,30,30,30,,,0.0,0.0,0.0,30,0.0,0.0,0.0,30,0.012762314121230196,0.012752094815509832,0.012772344069822009,30,0.8372376858787695,0.8372269421245787,0.8372472758009339,30,0.07558376254948478,0.07494421157622709,0.07628459345982411,30,0.10818372769669321,0.1061131796662974,0.11064359164811322,30,,,,0,,,,0
C_unseen,feedforward-303,none,30,30,30,,,0.0,0.0,0.0,30,0.0,0.0,0.0,30,0.012731972502526518,0.012722704415968235,0.012742308368843982,30,0.8372680274974734,0.8372582400550774,0.8372773268795337,30,0.07608814791217446,0.07543460017821442,0.07681958977584728,30,0.10368796455117667,0.10256964312914837,0.10514671483623611,30,,,,0,,,,0
C_unseen,hybrid-101,memory_reset,30,30,30,,,0.0,0.0,0.0,30,16.933333333333334,0.0,48.76916666666665,30,0.04345239617022872,0.04129272844138779,0.04517626349323554,30,0.8065476038297713,0.8047422776836695,0.8086382492426712,30,1.8079517100403704,1.7009061324348054,1.903896678562214,30,0.16435591103961797,0.16338839056689825,0.16541297556193768,30,,,,0,,,,0
C_unseen,hybrid-101,none,30,30,30,,,0.0012720070220530034,0.0,0.0035052221156656746,30,3.6333333333333333,1.1333333333333333,7.033333333333333,30,0.0712049582234795,0.07041122193914304,0.07204135010313933,30,0.7794310452875468,0.7782750816305478,0.7807500156060191,30,3.537528560712934,3.4796361215730514,3.602724590433141,30,0.34922130685299635,0.3107923142914337,0.39542287074081184,30,,,,0,,,,0
C_unseen,hybrid-202,memory_reset,30,30,30,,,0.0013662445445855465,0.0,0.004098733633756639,30,3.1333333333333333,0.9991666666666668,5.533333333333333,30,0.05679174464309215,0.05510309198270962,0.05856304739762421,30,0.7938913776292009,0.7917923171669311,0.7964832641540216,30,2.574387269360323,2.459305755410778,2.6979000078906608,30,0.1638765397882606,0.16278576920400764,0.16510087980932442,30,,,,0,,,,0
C_unseen,hybrid-202,none,30,30,30,,,0.0,0.0,0.0,30,10.466666666666667,5.1,16.00083333333333,30,0.08396692578801515,0.08308123095999473,0.08488876466506709,30,0.7660330742119851,0.7651123190927871,0.7669496810250908,30,4.028525854021311,3.95719507039686,4.109631666051597,30,0.2248870290641207,0.21822689870661835,0.23252958296547555,30,,,,0,,,,0
C_unseen,hybrid-303,memory_reset,30,30,30,,,0.0,0.0,0.0,30,14.566666666666666,7.4325,22.50083333333333,30,0.07732618456644567,0.07622515836717268,0.07855690935575081,30,0.7726738154335545,0.7715223915257235,0.773812058542072,30,3.800361639718214,3.7192471989884965,3.888039810745418,30,0.1676297594741401,0.16234071676153689,0.17405539837539738,30,,,,0,,,,0
C_unseen,hybrid-303,none,30,30,30,,,0.0016412172764539716,0.0,0.004923651829361915,30,36.233333333333334,23.365833333333335,50.03416666666666,30,0.10708036597285171,0.10654839068552444,0.10762166079362061,30,0.7437402426653754,0.7424788154818773,0.7456980294337388,30,5.620222680985927,5.613837215858696,5.62679014642934,30,0.23341278717594424,0.22042390453425464,0.24823459195783168,30,,,,0,,,,0
C_unseen,random,none,30,30,30,,,0.0025044401208958894,0.0,0.006369420129461969,30,408.3666666666667,341.56416666666667,470.4066666666666,30,0.06305604389622878,0.06243711056608562,0.0636712975829923,30,0.788196176164219,0.7866731090889671,0.7901465382990308,30,3.001269800479376,2.961726081656473,3.0420055281613227,30,0.03144199433154426,0.029960649475106033,0.03315453309526977,30,,,,0,,,,0
C_unseen,recurrent-101,memory_reset,30,30,30,,,0.0,0.0,0.0,30,0.0,0.0,0.0,30,0.031435511846045656,0.031320932012278334,0.0315536718436929,30,0.8185644881539541,0.8184495738795674,0.8186744724790946,30,1.0689303452769916,1.0650203499555588,1.072733613743633,30,0.11872135076555423,0.11793409692246416,0.11952029412285708,30,,,,0,,,,0
C_unseen,recurrent-101,none,30,30,30,,,0.0,0.0,0.0,30,0.0,0.0,0.0,30,0.043278327132533,0.042983325661476585,0.043595962534372694,30,0.8067216728674665,0.8064304140655968,0.8069959386986707,30,1.9975124209225177,1.9799387861823043,2.015428225608667,30,0.17524495867676,0.16760935453082007,0.18414761032448346,30,,,,0,,,,0
C_unseen,recurrent-202,memory_reset,30,30,30,,,0.0,0.0,0.0,30,5.2,1.2,10.666666666666666,30,0.03212815183404088,0.03203239140300838,0.03220836909513983,30,0.8178718481659593,0.8177878401812174,0.817963372262331,30,0.7716903400520484,0.770307400651152,0.772819195712482,30,0.11867163859036131,0.1178023248446051,0.11967331101121897,30,,,,0,,,,0
C_unseen,recurrent-202,none,30,30,30,,,0.0,0.0,0.0,30,0.0,0.0,0.0,30,0.037551710106094684,0.03751492872446949,0.037591688786298046,30,0.8124482898939056,0.8124083603500969,0.8124871761267854,30,0.884727648139,0.8834038035151858,0.8860799540686113,30,0.2069937939749151,0.1922264954284603,0.22482213644875124,30,,,,0,,,,0
C_unseen,recurrent-303,memory_reset,30,30,30,,,0.0,0.0,0.0,30,0.0,0.0,0.0,30,0.028392502412105603,0.027864037679772018,0.02886773448326352,30,0.8216074975878943,0.8211104086242431,0.8221303791396927,30,0.5640667948375147,0.5485747673679764,0.5782719033906236,30,0.11841885270486173,0.1178486501721232,0.11903317251813456,30,,,,0,,,,0
C_unseen,recurrent-303,none,30,30,30,,,0.0,0.0,0.0,30,0.0,0.0,0.0,30,0.031738291714802386,0.03142173280074473,0.031997865659008674,30,0.8182617082851975,0.8180011866018706,0.8185584273973281,30,0.614261624917388,0.6050217575211077,0.6222067948502801,30,0.26920739987852155,0.23444850158808148,0.3069684929875721,30,,,,0,,,,0
C_unseen,rule,none,30,30,30,,,0.013166666666666675,0.0,0.033833333333333354,30,19.1,0.0,57.3,30,0.021180378948337252,0.020030341052890817,0.022421137303425216,30,0.8354029543849906,0.8282748115929429,0.8462496452655418,30,0.26999999999999996,0.19065,0.35,30,0.0234402051816384,0.021879947923540994,0.02511177996404715,30,,,,0,,,,0
C_unseen,untrained,none,30,30,30,,,0.0,0.0,0.0,30,327.8666666666667,241.23083333333332,415.47333333333324,30,0.025741607641539172,0.025739763034916405,0.02574360295950532,30,0.824258392358461,0.8242563995679221,0.8242602576050576,30,0.7152999650935333,0.7151688345789913,0.7154260877172152,30,0.3016228508980323,0.28281875350164937,0.32077418955021936,30,,,,0,,,,0
